5.1.1	ラーヴァナに奪われたシーターの足跡を尋ねるべく、敵を滅ぼす者ハヌマーンは、チャーラナたちが行き交う空の道を行こうとした。
5.1.2	大力の沈着なる者は、瑠璃色の水のような草原を心地よく歩き回った。
5.1.3	智者は胸で樹々をなぎ倒し、鳥たちを驚かせ、多くの獣を圧倒した——成長した獅子のように。
5.1.4	藍、紅、茜、蓮華色、白、黒——自然の妙で彩られたさまざまな鉱脈で飾られた山であった。
5.1.5	自在に姿を変えるヤクシャ、キンナラ、ガンダルヴァ、神に等しい蛇たちが、従者を伴い絶えず住まっていた。
5.1.6	蛇の王たちが集うその山の最上の麓に立つ猿の勇者は、湖に棲む大蛇のように見えた。
5.1.7	太陽に、マヘーンドラに、風神に、自存者ブラフマーに、そして万物に合掌し、出発を決意した。
5.1.8	東に向かい合掌し、自らの父たる風神に礼を捧げると、勇者は南方へと向かうべく膨張し始めた。
5.1.9	跳躍を決意した彼は、猿の精鋭たちに見守られ、ラーマの繁栄のために、祭日に潮が満ちる海のように巨大化した。
5.1.10	計り知れぬ体躯となり、大海を跳び越えんとして、両腕と両足で山を踏みしめた。
5.1.11	猿に踏みしめられた山はしばし美しく震え、花咲く樹々のすべての花を散らした。
5.1.12	樹から落ちた芳しい花の洪水に四方を覆われ、山はまるで花そのもののように輝いた。
5.1.13	最上の力を持つ彼に踏みしめられた山は、発情した象が体液を流すように、水を噴き出した。
5.1.14	力ある者に踏みしめられたマヘーンドラ山は、黄金、アンジャナ鉱、銀の脈を流出させ、赤鉄鉱の巨大な岩を崩落させた。
5.1.15	山が踏みしめられると、洞窟に潜む生き物たちがあらゆる方角から異様な声を上げて叫んだ。
5.1.16	山の圧迫から生じた大きな生き物たちの叫び声は、大地を満たし、四方とその林を満たした。
5.1.17	幅広い頭にスヴァスティカの紋様を明瞭に持つ大蛇たちが、恐ろしい炎を吐きながら牙で岩を噛んだ。
5.1.18	毒を持つ怒れる蛇たちに噛まれた巨岩は、炎に包まれて燃え上がり、千に砕け散った。
5.1.19	その山に生えていた薬草の群れは、蛇の毒を消す力を持つものでさえ、その毒を鎮めることができなかった。
5.1.20	「この山は怪物に裂かれるのだ」と思い、苦行者たちや恐怖に駆られたヴィディヤーダラたちが女たちと共に飛び去った。
5.1.21	酒宴の場を捨て、黄金の椅子や食器、高価な器、黄金の水差しを放り出して。
5.1.22	さまざまな舐め物や上等の食物、各種の肉、牛革の盾、黄金の柄の剣を置き去りにして。
5.1.23	首に花輪を巻き、酔って赤い花飾りと塗香を身につけ、赤い目をした蓮華のような目の者たちが空に飛び立った。
5.1.24	首飾り、足環、腕輪、腕飾りをつけた女たちが、驚きと微笑みをたたえ、恋人たちと共に空に佇んだ。
5.1.25	大いなる神通力を示しつつ、ヴィディヤーダラの大聖仙たちが空に集まり立ち、山を見つめた。
5.1.26	清明な空に立つ精神を浄化した聖仙たちや、チャーラナたち、シッダたちの声が聞こえた。
5.1.27	「この山のごとき風神の子ハヌマーンが、大いなる勢いの、鰐の住処たる大海を渡ろうとしている」
5.1.28	「ラーマのために、猿たちのために、至難の業をなそうとし、到達しがたい大海の彼岸に至ろうとしている」
5.1.29	彼は毛を逆立て、山のごとく体を震わせ、巨大な雷雲のように大きな咆哮を上げた。
5.1.30	順にたくわえ、丸く、毛に覆われた尾を、飛び立とうとして振り上げた——鳥の王が大蛇を振り上げるように。
5.1.31	超速で飛ぶ彼の背後でうねる尾は、ガルダに運ばれゆく大蛇のように見えた。
5.1.32	大きな鉄棒のような両腕を固め、猿は腰を沈め、両足を曲げた。
5.1.33	吉祥なる力ある者は両腕と首を引き締め、威光と勇気と力を体内に集中させた。
5.1.34	遥か彼方の道を見つめ、上方に目を凝らし、空を見据え、胸に気息を止めた。
5.1.35	大力のハヌマーンは両足でしっかりと踏ん張り、耳を折りたたみ、飛び立とうとして猿の最上者たちにこう語った。
5.1.36	「ラーグハヴァが放つ風のごとき速さの矢のように、ラーヴァナが守るランカーへ行こう」
5.1.37	「もしランカーでジャナカの娘を見つけられなければ、この勢いのままで天上界へ向かおう」
5.1.38	「もし天界でもシーターを見つけられなければ、羅刹王ラーヴァナを縛り上げて連れ帰ろう」
5.1.39	「いかなる場合も務めを果たして帰る。シーターと共に帰るか、ラーヴァナもろともランカーを引き抜いて持ち帰るか」
5.1.40	猿の最上者ハヌマーンはそう語り終えると、猛者は何も迷わず、勢いよく飛び立った。
5.1.41	彼が飛び立つ勢いで、山上の樹々が枝をすべて引き寄せられ、四方に飛び上がった。
5.1.42	花盛りの発情したコーヤシュティバカの樹を、太腿の勢いで引き連れ、清明な空を進んだ。
5.1.43	太腿の勢いで引き抜かれた樹々は、しばしの間猿に付き従った——長い旅路に出る親族に従う一族のように。
5.1.44	太腿の勢いで引き抜かれたサーラ樹やその他の最上の樹木が、ハヌマーンに従った——王に従う軍勢のように。
5.1.45	花咲く枝先を持つ多くの樹に覆われた猿ハヌマーンは、山のような姿で驚嘆すべき光景であった。
5.1.46	堅い幹の樹々はやがて塩水の海に沈んだ。マヘーンドラの山々がインドラを恐れてヴァルナの住処に沈むように。
5.1.47	猿は蕾や新芽を含むさまざまな花にまみれ、雲のような姿で蛍に覆われた山のように輝いた。
5.1.48	勢いから解放された樹々は花を散らし、水面に落ちた——帰路につく友人たちのように。
5.1.49	猿の風に煽られた樹々のさまざまな花が、軽やかに美しく海面に降り注いだ。
5.1.50	花の洪水に連なるさまざまな色の猿は、稲妻の群れで飾られた昇りゆく雲のように輝いた。
5.1.51	花に覆われた水面は見えなくなり、美しい星々が昇った空のようであった。
5.1.52	空を行く彼の広げた両腕は、山頂から這い出る五つの頭を持つ大蛇のように見えた。
5.1.53	波の網を持つ大海を飲み干すかのようにも見え、空をも飲み込もうとしているかのようにも見えた、その大猿は。
5.1.54	稲妻のように輝き風の道を行く彼の両目は、山上の二つの炎のように煌めいた。
5.1.55	黄褐色の目の猿の首領の大きく丸い両目は、月と太陽が並んで浮かぶように輝いていた。
5.1.56	赤い鼻に照らされた赤い顔は、夕焼けに染まった太陽の円盤のようであった。
5.1.57	飛び行く風神の子の振り上げた尾は、空に聳えるインドラの旗竿のように輝いた。
5.1.58	白い牙を持つ風神の子は、尾の輪に囲まれて、光輪をまとう太陽のように大いなる智者は輝いた。
5.1.59	赤銅色の臀部を持つ大猿は、赤い鉱脈で大きく裂けた山のように輝いた。
5.1.60	大海を跳ぶこの猿の獅子の脇を通り抜ける風は、雷雲のように轟いた。
5.1.61	空から落ちる流星が北の果てから放たれて尾を引くように、その猿の雄者も見えた。
5.1.62	飛ぶ太陽のように体を伸ばした猿は輝いていた——腰紐で縛られて膨れ上がった発情した象のように。
5.1.63	体は上方にあり、影は深く海に沈み、猿はまるで風に満たされた帆船のようであった。
5.1.64	大猿が海のどの地点を通過しようとも、その体の勢いに煽られて海面は狂ったように波立った。
5.1.65	大いなる速度の大猿は胸で山ほどもある波の壁を打ち砕きながら飛んだ。
5.1.66	猿の風と雲から吹き出す風が、恐ろしい轟きの大海を激しく揺さぶった。
5.1.67	大いなる速度で飛びながら、塩水の海の巨大な波の帯を引きずり、波を数えるかのように越えていった。
5.1.68	空を飛ぶ猿の虎を見上げた海の蛇たちは、あれはガルダだと思った。
5.1.69	十ヨージャナの幅と三十ヨージャナの長さの猿の獅子の影が、水面に美しく映っていた。
5.1.70	風神の子に従うその影は、白雲の濃い帯のように、塩水の海面に広がって美しかった。
5.1.71	急ぎ飛ぶその跳躍者を見て、神々もガンダルヴァも阿修羅も花の雨を降らせた。
5.1.72	飛ぶ猿の王を太陽は焼かず、風もまた彼を包み、ラーマの大業の成就のために仕えた。
5.1.73	空を飛ぶ彼を聖仙たちは讃え、神々とガンダルヴァたちも大いなる力の者を称えて歌った。
5.1.74	空に疲れ知らずの猿の勇者を見つめて、蛇も夜叉も羅刹も神々も鳥たちも称えた。
5.1.75	猿の虎ハヌマーンが飛ぶのを見て、イクシュヴァーク族の名誉を守ろうとする大海が考えた。
5.1.76	「もし猿の王ハヌマーンに助力しなければ、弁ずる者すべてに非難されるだろう」
5.1.77	「私はイクシュヴァーク族の主サガラによって広げられた。イクシュヴァーク族の臣たるこの者を衰えさせてはならない」
5.1.78	「猿が休めるようにしなければ。ここで休息すれば、残りは楽に飛び越えるだろう」
5.1.79	こう善き考えを定めた大海は、水中に隠れた黄金の頂を持つマイナーカ山に語った。
5.1.80	「おまえはここに、地底に住む阿修羅の軍勢を防ぐ関門として、神々の王インドラに据えられた」
5.1.81	「力ある者たちが再び飛び出さぬよう、計り知れぬ地底界の門を塞いで立っている」
5.1.82	「おまえには横にも上にも下にも伸びる力がある。だから私は促すのだ、山の最上者よ、立ち上がれ」
5.1.83	「この猿の虎、力ある者ハヌマーンが、ラーマの大業のため恐るべき行いを胸に空に飛んでおまえの上を行く」
5.1.84	「イクシュヴァーク族に仕えるこの者に助力すべきだ。イクシュヴァーク族は私にとっても崇敬すべきであり、おまえにとってはなおさらだ」
5.1.85	「我らに力を貸せ。務めを怠ってはならぬ。なすべき務めを果たさねば、善き者たちの怒りを招く」
5.1.86	「水上に姿を現し、この猿を休ませよ。跳躍者の中の最上者は我らの客であり、敬うべき者だ」
5.1.87	「黄金の大いなる頂を持ち、神々やガンダルヴァに仕えられる者よ。ハヌマーンはおまえの上で休み、それから残りを行くだろう」
5.1.88	「カークツタの子の慈悲とマイティリーの追放と、猿の王の疲労を思い、立ち上がるべきだ」
5.1.89	黄金の頂のマイナーカ山は、塩水の海のその言葉を聞き、大樹と蔦に覆われたまま素早く水中から立ち上がった。
5.1.90	海水を突き破って高く聳え立つ様は、雲を突き破って輝く太陽のようであった。
5.1.91	黄金の峰々にはキンナラや大蛇がおり、日の出のように輝いて空をかすめていた。
5.1.92	立ち上がった山の純金の峰々によって、剣のように輝く空は黄金の光に染まった。
5.1.93	自ら輝く純金の峰々で輝くその山の最上者は、百の太陽のようであった。
5.1.94	大いなる速度の大猿ハヌマーンは、塩水の海の只中に障害なく前方に立ち現れたそれを、障害物だと判断した。
5.1.95	大いなる速度でそびえ立つその最上の山を、風が雲を吹き飛ばすように胸で打ち倒した。
5.1.96	猿に打ち倒された最上の山は、その猿の勢いを理解して喜び、歓喜した。
5.1.97	空中にいるその勇者に向かって、空に浮かぶ山は、自らの峰の上に人間の姿を取って立ち、喜びに心弾ませてこう語った。
5.1.98	「猿の最上者よ、おまえは至難の業をなした。我が峰に降り立ち、心ゆくまで休むがよい」
5.1.99	「ラーグハヴァの一族に生まれた者たちによって大海は広げられた。その大海がラーマの利のために尽くすおまえに報いようとしている」
5.1.100	「恩に報いるのは永遠の法である。この大海は報恩のためにおまえから敬いを受けるに値する」
5.1.101	「おまえのためにこの大海が、深い敬意から私を促した。この猿は百ヨージャナを跳んでいる。おまえの峰で休めば残りを行けるだろうと」
5.1.102	「猿の虎よ、ここに留まり、休んでから行くがよい。この香り高く甘い根や果実が豊富にある。猿の最上者よ、味わい、休んでから出発するがよい」
5.1.103	「猿の首領よ、我らにもおまえとの縁がある。三界に名高い、大いなる美徳の絆だ」
5.1.104	「風神の子よ、速き跳躍者たちの中でおまえこそ最上の者と私は思う、猿の雄者よ」
5.1.105	「法を知ろうとする者にとって、客は身分が低くとも敬うべきだ。まして、おまえのような方ならなおさらだ」
5.1.106	「おまえは神々の中の最上者にして偉大なる風神の息子であり、猿の雄者よ、その速さも父に等しい」
5.1.107	「法を知る者よ、おまえを敬えば風神を敬うことになる。だからおまえは私にとって敬うべき存在だ。その理由も聞くがよい」
5.1.108	「父よ、昔クリタ・ユガの時代に山々には翼があった。ガルダや風のような速さで四方に飛んでいた」
5.1.109	「山々が飛び回ると、神々の群れも聖仙たちも、生き物たちも、山が落ちてくるのではないかと恐怖に陥った」
5.1.110	「そこで怒った千の目のインドラは、祭祀の主として、山々の翼をあちこちで何千と金剛杵で断ち切った」
5.1.111	「怒ったインドラが金剛杵を振り上げて私に迫った時、偉大なる風神が私を素早く投げ飛ばした」
5.1.112	「猿の最上者よ、こうして塩水の海に投げ込まれたが、翼は隠されたまま無傷で、おまえの父に守られた」
5.1.113	「だから私はおまえを敬う。風神は私にとって敬うべき存在だから。猿の首領よ、おまえとの縁は大いなる美徳に満ちている」
5.1.114	「このような事情で、大海のためにも私のためにも、大猿よ、喜びに満ちた心で恩義を受けてほしい」
5.1.115	「疲れを癒し、敬意を受け取ってくれ、猿の最上者よ。おまえの姿を見て私は喜んでいる。好意を受け入れてくれ」
5.1.116	こう言われた猿の最上者はその最上の山にこう答えた。「嬉しく思う。もてなしは受けたものとせよ。怒りを収めてくれ」
5.1.117	「務めの時は迫り、日も過ぎゆく。途中で留まらぬという誓いも立てたのだ」
5.1.118	こう語り、猿の雄者は手で山に触れてから、空に入り、力ある者は微笑むように飛び去った。
5.1.119	山と大海から深い敬意をもって見送られ、相応しい祝福の言葉で敬われた風神の子であった。
5.1.120	さらに高く遠く飛び上がり、山と大海を後にして、父の道を辿り、清明な空を進んだ。
5.1.121	さらに高みに至り、あの山を見下ろしながら、風神の子は支えなき清明な空を進んだ。
5.1.122	ハヌマーンの至難の第二の偉業を見て、神々すべて、シッダたち、大聖仙たちが称えた。
5.1.123	その場にいた神々も、黄金の頂の山のその行いに喜び、千の目のインドラ自身も喜んだ。
5.1.124	智者にしてシャチーの夫たるインドラは、喜びのあまり声を震わせ、山の最上者スナーバに自ら語った。
5.1.125	「ヒラニヤナーバよ、山の王よ、おまえに深く満足している。おまえに恐れなき護りを与えよう。穏やかな者よ、安らかに在れ」
5.1.126	「勇猛なるハヌマーンに大いなる助力をなした。百ヨージャナを進む恐れなき者に、恐るべき時に」
5.1.127	「ラーマの使者としてダシャラタの子のために行くこの猿に、敬意をもって応えたおまえに深く満足している」
5.1.128	最上の山は、喜びに満ちた百の祭祀の主にして神々の王を見て、広大な歓喜を得た。
5.1.129	恩恵を得た山はその場に安定し、ハヌマーンはたちまちのうちに大海を越えていった。
5.1.130	そこで、神々はガンダルヴァ、シッダ、大聖仙たちと共に、太陽のような輝きを持つ蛇の母スラサーに語った。
5.1.131	「この吉祥なる風神の子ハヌマーンが海の上を飛んでいる。おまえはしばし彼に障害を与えよ」
5.1.132	「羅刹の姿——恐ろしく、山のように巨大で、牙をむき出し、黄褐色の目をし、空に届く口を作って」
5.1.133	「彼の力と武勇を知りたいのだ。おまえに打ち勝つか、あるいは落胆するか」
5.1.134	こう神々に敬意をもって頼まれた女神は、海の只中で羅刹の姿を取った。
5.1.135	醜く歪み、すべてのものに恐怖を与えるその姿で、飛ぶハヌマーンの前に立ちはだかり、こう語った。
5.1.136	「猿の雄者よ、おまえは主たちによって私の食物に定められた。おまえを食らおう。この口に入れ」
5.1.137	スラサーにそう言われた猿の雄者は、合掌し、喜びの表情で吉祥なる者はこう語った。
5.1.138	「ダシャラタの子ラーマという名の方が、弟ラクシュマナと妻ヴァイデーヒーと共にダンダカの森に入りました」
5.1.139	「この大業に携わり、羅刹たちと不倶戴天の仇となったその方の妻シーターが、名高きラーヴァナに奪われました」
5.1.140	「彼女のもとへ、ラーマの命により使者として参ります。ラーマの領域に住む者よ、ラーマに助力なさるべきです」
5.1.141	「あるいはマイティリーを見て、不撓の行いのラーマに会った後に、おまえの口に入ろう。これを真実として誓う」
5.1.142	こう語られたスラサーは、自在の力で言った。「私を越えて行ける者はいない。それが私に与えられた恩恵だ」
5.1.143	スラサーにそう言われた猿の雄者は怒り、言った。「ならば私を飲み込めるだけの口を作るがよい」
5.1.144	こう言うとハヌマーンは怒り、十ヨージャナの長さと十ヨージャナの幅の体になった。
5.1.145	雲のような十ヨージャナの体を見て、スラサーもまた二十ヨージャナの口を開けた。
5.1.146	ハヌマーンは怒って三十ヨージャナに膨らみ、スラサーは四十ヨージャナに口を広げた。
5.1.147	勇者ハヌマーンは五十ヨージャナに聳え、スラサーは六十ヨージャナに口を広げた。
5.1.148	同様に勇者ハヌマーンは七十ヨージャナに聳え、スラサーは八十ヨージャナに口を広げた。
5.1.149	山のようなハヌマーンは九十ヨージャナに聳え、スラサーは百ヨージャナに口を広げた。
5.1.150	智者にして風神の子は、スラサーの大きく開いた口を見た——長い舌を持ち、恐ろしく、地獄のように。
5.1.151	すると風神の子は雲のように素早く体を縮め、たちまちのうちにハヌマーンは親指ほどの大きさになった。
5.1.152	その口に飛び込み、大いなる速さで飛び出し、吉祥なる者は空中に立ってこう語った。
5.1.153	「おまえの口に入ったぞ、ダークシャーヤニーよ。おまえに敬礼する。ヴァイデーヒーのもとへ行こう。おまえの言葉も真実となった」
5.1.154	口から放たれた彼を見て——ラーフの口から解放された満月のように——女神スラサーは本来の姿で猿に語った。
5.1.155	「猿の最上者よ、目的の成就のために行くがよい、穏やかな者よ。ヴァイデーヒーを偉大なるラーグハヴァのもとに連れ帰るがよい」
5.1.156	ハヌマーンの至難の第三の偉業を見て、生き物たちは「善きかな、善きかな」と称え、その猿を讃えた。
5.1.157	彼は侵しがたいヴァルナの住処たる大海を越え、ガルダに匹敵する速さで空に入った。
5.1.158	雲の風に仕えられ、鳥たちに親しまれ、カイシカの師たちが歩み、アイラーヴァタが通う空の道を。
5.1.159	獅子、象、虎、鳥、蛇を乗り物とする清らかなヴィマーナが飛び交い飾る空を。
5.1.160	金剛杵と雷の打撃で輝き、火に照らされ、功徳を積んだ大いなる者、天界を勝ち取った者たちで飾られた空を。
5.1.161	供物を絶え間なく運び、煌めく火に仕えられ、惑星、星座、月、太陽、星々の群れで飾られた空を。
5.1.162	大聖仙、ガンダルヴァ、蛇、ヤクシャの群れで賑わい、清らかで汚れなき、ヴィシュヴァーヴァスが仕える空を。
5.1.163	神々の王の象が歩み、月と太陽の道であり、吉祥にして生者の世界の天蓋として、ブラフマーが造りて広げた空を。
5.1.164	ヴィディヤーダラの勇者たちの優れた群れに幾度も親しまれた空で、猿に引き寄せられた大いなる雲の群れが輝いた。
5.1.165	雲の帯に入っては出て、繰り返しながら、まるで雨季の月のように現れては消えた。
5.1.166	飛ぶ彼を見て、シンヒカーという名の自在に姿を変える巨大な羅刹女が心に思った。
5.1.167	「久しぶりに食にありつける。この大きな獲物が長い時を経てようやく手中に来た」
5.1.168	こう心に考えて彼の影を掴んだ。影を掴まれて猿は考えた。
5.1.169	「突然引き戻され、力が奪われたようだ。大海で逆風に遭った大船のように」
5.1.170	横、上、下と見回した猿は、塩水の海から立ち上がった巨大な生き物を見つけた。
5.1.171	「猿王が語っていた驚くべき姿の、影を掴む大力の怪物——これに違いない」
5.1.172	事の真実を悟った智者の猿は、巨大な体をさらに膨張させた——雨季の雲のように。
5.1.173	大猿の膨張する体を見上げたシンヒカーは、口を広げた——地底界と空を合わせたほどに。
5.1.174	聡明な大猿はその大きく開いた口と体の大きさ、そして急所を見て取った。
5.1.175	金剛のごとき体の猿は、その口の中で素早く体を縮め、大力の者は飛び出した。
5.1.176	口に飲み込まれる彼を、シッダやチャーラナたちは見た——祭日にラーフに飲まれる満月のように。
5.1.177	猿は鋭い爪でその急所を切り裂き、心の速さの力で素早く飛び出した。
5.1.178	猿に瞬く間に殺されて海に落ちたシンヒカーを見て、空を行く者たちが猿の雄者にこう語った。
5.1.179	「恐るべき偉業をなした。大いなる怪物をおまえは殺した。目的を果たせ、跳躍者の最上者よ、災い無からんことを」
5.1.180	「猿の王よ、忍耐、洞察、知恵、技巧——この四つをおまえのように備える者は、いかなる務めにおいても挫けない」
5.1.181	こうして崇められ敬われ、目的を確かにした猿は、蛇食い鳥のように空に入って進んだ。
5.1.182	彼岸に近づきながらあらゆる方向を見渡し、百ヨージャナの果てに、樹木の列を見つけた。
5.1.183	下降しながら、猿の最上者は、さまざまな樹に飾られた島とマラヤの園を見た。
5.1.184	海、海辺、海辺に生える樹々、そして海に注ぐ河口をも見つめた。
5.1.185	智者は自らの姿を見つめた——大いなる雲のように空を塞ぐ姿を。こう考えた。
5.1.186	「私の体の巨大さと速さを見て、羅刹たちは好奇心を抱くだろう」と大猿は思った。
5.1.187	そこで山のような巨体を縮め、迷いを去った自己を制する者のように、再び本来の姿に戻った。
5.1.188	さまざまな美しい姿をまとう彼は、海の向こう岸に達し、他者には成しがたい姿を得て、自らを見極め、目的を見据えた。
5.1.189	偉大なる者は、ランバ山の豊かな色彩豊かな峰に降り立った——タラやウッダーラカやナーリケーラが茂る峰に。山の大峰に匹敵する大いなる者として。
5.1.190	阿修羅と蛇が住み、大波の連なりを持つ大海を力で越え、大海の岸辺に降り立って、アマラーヴァティーのようなランカーを見た。
5.2.1	大力の者は無事に大海を渡り、トリクータ山の峰にあるランカーを泰然として見つめた。
5.2.2	力ある者は樹々から落ちた花の雨を浴びて立ち、まるで花そのもののように輝いた。
5.2.3	百ヨージャナを渡りながらも最上の武勇の吉祥なる猿は息も乱さず、疲れを知らなかった。
5.2.4	「私は何百ヨージャナでも跳べよう。まして計られた百ヨージャナの海の果てなど」
5.2.5	力ある者たちの最上、跳躍者の中の最上の者は、大海を越え、速やかにランカーへ向かった。
5.2.6	緑の草原、香り豊かな森、象のいる密林を抜けて進んだ。
5.2.7	樹に覆われた山々や花咲く森の列を、威光あるハヌマーン、猿の雄者は越えていった。
5.2.8	風神の子はその山頂に立ち、森も園も、山頂の彼方のランカーをも見つめた。
5.2.9	サララ樹、カルニカーラ樹、花咲くナツメヤシ、プリヤーラ樹、ムチュリンダ樹、クタジャ樹、ケータカ樹。
5.2.10	香りに満ちたプリヤング樹、ニーパ樹、サプタッチャダ樹、アサナ樹、コーヴィダーラ樹、花咲くキョウチクトウ。
5.2.11	花の重みにたわむ樹、蕾をつけた樹、鳥が群がり風に揺れる樹々。
5.2.12	白鳥やカーランダヴァ鳥が集う蓮と睡蓮の池、さまざまな美しい遊園、さまざまな水場。
5.2.13	あらゆる季節に花と実をつける樹々に覆われた美しい庭園を、猿の雄者は見つめた。
5.2.14	ラーヴァナが守るランカーに至り、蓮と睡蓮で飾られた堀に囲まれた都を見た。
5.2.15	シーターの奪還を防ぐためラーヴァナが厳重に守り、恐ろしい弓を持つ羅刹たちが四方を巡回していた。
5.2.16	黄金の城壁に囲まれた美しい大都、数百の物見櫓が聳え、旗や幟が連なる都。
5.2.17	ハヌマーンは黄金の門と蔦の列で飾られた神々しいランカーを見た——天上の神々の都のように。
5.2.18	山頂にあるランカーを、白く美しい建物が並ぶ都を、吉祥なる猿は見た——空中に浮かぶ都のように。
5.2.19	羅刹の王に守られ、ヴィシュヴァカルマンが造った都は、空に浮かぶように見えた。
5.2.20	恐ろしい羅刹たちで満ちた都——蛇が満ちるボーガヴァティーのように。想像を絶し、見事に造られ、明瞭で、かつてクベーラが住んだ都。
5.2.21	牙を持つ多くの勇者たちが鉾や戟を手にし、恐ろしい羅刹たちが守る——毒蛇が守る洞窟のように。
5.2.22	城壁を腰とし、広い堀を衣とし、シャタグニーや鉾を髪とし、物見櫓を冠とする都。
5.2.23	北門に至った猿は考えた。カイラーサの峰のように空をかすめ、高くそびえる最上の建物がまるで空を支えているかのような都を見て。
5.2.24	その大いなる守りと大海を見つめ、恐ろしい敵ラーヴァナを思い、猿は考えた。
5.2.25	「ここに猿たちが来ても無意味だろう。戦によってランカーは神々にさえ攻略できない」
5.2.26	「この険しく攻めがたいラーヴァナの守るランカーに至っても、大いなる腕の力を持つラーグハヴァに何ができようか」
5.2.27	「羅刹たちに対して融和の余地も見当たらず、贈与も離間も戦の隙も見えない」
5.2.28	「偉大なる四人の猿だけがここに来ることができよう——ヴァーリンの息子、ニーラ、私、そして聡明な王スグリーヴァのみ」
5.2.29	「まずはヴァイデーヒーが生きているか否かを確かめよう。ジャナカの娘を見つけた上で、その後のことを考えよう」
5.2.30	猿の雄者は山頂に立ち、ラーマの繁栄を願いつつ、しばし考えた。
5.2.31	「この姿では、残忍で強力な羅刹たちが守る羅刹の都に入ることはできない」
5.2.32	「恐ろしい力と大いなる武勇の強き羅刹たちを、ジャーナキーを捜すためにすべて欺かねばならない」
5.2.33	「見えるか見えないかの小さな姿で夜のうちにランカーに入るのが、大いなる務めを果たす時だ」
5.2.34	「神にも阿修羅にも攻めがたいこの都を見て、ハヌマーンは何度もため息をつきながら考えた」
5.2.35	「いかなる方策で、邪悪なラーヴァナに見つからずに、マイティリー・ジャナカの娘を見ることができようか」
5.2.36	「自らを知るラーマの務めをいかにして損なわずにいられるか。ジャナカの娘に一人きりで人目のない場所で会わねばならぬ」
5.2.37	「成功しかけた仕事も、時と場所を誤れば台無しになる。動揺した使者を得れば、日の出に闇が消えるように」
5.2.38	「利と不利の間の判断は、確定していても安泰とは限らない。自らを賢者と思い込む使者は務めを台無しにする」
5.2.39	「いかにして務めを損なわず、動揺せず、大海を越えた意味を無にしないか」
5.2.40	「羅刹たちに私が見つかれば、自らを知るラーマの務めは水泡に帰する——ラーヴァナの滅亡を望む者の」
5.2.41	「羅刹たちに知られずにどこかに留まることなどできない。羅刹の姿を取っても、他のいかなる姿でも」
5.2.42	「ここでは風さえ知られずには動けないと思う。強大な羅刹たちに知られぬことなど何もない」
5.2.43	「もし本来の姿でここに留まれば、破滅を招き、主の目的も損なわれる」
5.2.44	「だから夜の間に小さな姿となって、ラーグハヴァの目的達成のためにランカーに降り立とう」
5.2.45	「夜のうちに、極めて攻めがたいラーヴァナの都に入り、あらゆる館を捜して、ジャナカの娘を見つけよう」
5.2.46	こう決意した猿ハヌマーンは、ヴァイデーヒーとの面会を待ちきれず、日没を待ち、蚊ほどの大きさになった——驚嘆すべき姿であった。
5.2.47	宵闇の時、力ある者ハヌマーンは素早く飛び上がり、よく整えられた大通りを持つ美しい都に入った。
5.2.48	宮殿の列が連なり、黄金と銀の柱に支えられ、純金の格子に飾られた——ガンダルヴァの都のような。
5.2.49	七階建て、八階建ての大いなる都を見た。水晶で満たされた床に、純金の装飾が施されていた。
5.2.50	瑠璃と宝石で彩られ、真珠の網で飾られた床が、羅刹たちの邸宅を輝かせていた。
5.2.51	さまざまに飾られた黄金の門は、ランカーを四方から照らし輝かせていた。
5.2.52	想像を絶する驚異の姿のランカーを見て、大猿は落胆しつつも興奮し、ヴァイデーヒーとの面会を待ち望んだ。
5.2.53	白い宮殿が突き出しヴィマーナの列に飾られ、高価な純金の格子の門を持ち、名高きラーヴァナの腕に守られ、恐ろしい力を持つ夜の行者たちに囲まれた都を見た。
5.2.54	月もまた彼に味方するかのように、星々の群れの中央で輝き、月光の天蓋を世界に広げて、幾千もの光を放ちながら昇った。
5.2.55	猿の勇者は昇りゆく月を見た——法螺貝のように白く、乳や蓮の茎のような色で、輝きを放ちながら——池に浮かぶ白鳥のように。
5.3.1	知力を以て、雲のように聳え垂れ下がるランバ山の峰に立つ智者にして風神の子ハヌマーンは、大いなる勇気を備えて
5.3.2	夜のうちにランカーに入った。美しい森と豊かな水を持つ、ラーヴァナが守る都に。
5.3.3	秋の雲のような輝かしい建物で飾られ、海のような轟音が響き、海風に包まれた都。
5.3.4	十分に養われた兵力に守られ、まるで枝を広げた森のようであった。美しい門楼と白い門が連なっていた。
5.3.5	蛇が歩む吉祥のボーガヴァティーのように守られた都。稲妻を孕む雲に満ち、星座の道に仕えられ
5.3.6	激しい風の轟きが響く——インドラのアマラーヴァティーのような。黄金の大城壁に囲まれていた。
5.3.7	鈴の網の音を響かせる旗で飾られた都。彼は急いで喜びに満ちて城壁に飛び乗った。
5.3.8	驚嘆に心を満たし、都を四方から見渡した。純金の門、瑠璃で造られた基壇、
5.3.9	宝石、水晶、真珠で飾られ、宝石を敷き詰めた床。精錬された黄金の門楼と銀のように白く輝く壁。
5.3.10	瑠璃の階段と水晶の隙間の塵。美しい窓枠を備え、空に飛び立つかのような吉祥の建物。
5.3.11	クラウンチャ鳥や孔雀の声が響き、白鳥が仕える都。楽器や装飾品の音が四方にこだまする。
5.3.12	ヴァスヴォーカサーラーに匹敵するこの都を見つめ、空に飛び立つかのようなランカーを見て、猿ハヌマーンは歓喜した。
5.3.13	力ある者は、羅刹の王の吉祥にして最上で富に満ちたランカーの都を見つめ、考えた。
5.3.14	「この都は他の者には力ずくでは攻略できまい。武器を構えたラーヴァナの兵に守られている」
5.3.15	「クムダとアンガダの二人か、大猿スシェーナか、マインダとドゥヴィヴィダか——この地に至れるのは彼らだろう」
5.3.16	「ヴィヴァスヴァトの子（スグリーヴァ）か、ハリか、クシャパルヴァンか、リクシャか、ケートゥマーラか、私か——ここに来ることができるのは」
5.3.17	「だが大いなる腕のラーグハヴァの武勇と、勇敢なラクシュマナの力を思えば」猿は喜びに満ちた。
5.3.18	宝石と衣装に飾られ、宝庫を冠とし、武器庫を胸とし、富に満ちた——飾られた美女のような都。
5.3.19	灯明と輝く大きな館によって闇を払われた羅刹の王の都を、大猿は見つめた。
5.3.20	勇気に満ちた風神の子は夜のうちに入り、真珠と花で飾られた大通りを歩んだ。
5.3.21	笑い声と叫び声と楽器の音を先導に、金剛杵と鉤のように輝き、金剛の網で飾られた館が、美しい都を空のように雲で輝かせていた。
5.3.22	ランカーはその時、白い雲のような美しい羅刹たちの館に煌めいた。蓮やスヴァスティカの文様で飾られ、ヴァルダマーナ風の建物がすべて見事に彩られていた。
5.3.23	猿王の益のために務め、ラーグハヴァのために行く吉祥の者は、美しい花飾りと装飾品で飾られた都を見て喜んだ。
5.3.24	酔いに満ちた女たちの甘い歌声を聞いた——三つの音域で飾られた——天界のアプサラスたちの歌のように。
5.3.25	腰帯の響き、足環の音、館の階段を踏む音、拍手の音、歓声がここかしこから聞こえた。
5.3.26	ヴェーダの学習に励む夜叉（羅刹）たちも見た。ラーヴァナを讃える詠唱に合わせ、吼える羅刹たちも。
5.3.27	王の大通りを埋め尽くす大規模な羅刹の軍を見た。中央の衛兵所には羅刹の斥候が大勢いた。
5.3.28	沐浴の誓願を立て、結髪や剃髪の者、牛革や鹿皮の衣を着た者、クシャ草の束を武器とする者、祭火壇を武器とする者。
5.3.29	棍棒や鉄槌を手にする者、杖を武器とする者、片目の者、片耳の者、垂れ下がる乳房が揺れる者。
5.3.30	恐ろしい顔の者、曲がった口の者、異形の者、矮小な者。弓手、剣士、シャタグニーや棍棒を持つ者。最上の鉄棒を手にし、華やかな鎧に輝く者。
5.3.31	太すぎず痩せすぎず、長すぎず短すぎない者たち。醜い者、多様な姿の者、美しく輝く者。
5.3.32	槍や樹木を武器とする者、戟や雷を持つ者、投擲器や縄を手にする者を大猿は見た。
5.3.33	花輪を着け塗香をまとい、上等な装飾品で飾られた者。鋭い鉾を持つ者、金剛杵を持つ大力の者。
5.3.34	十万人の油断なき衛兵が城壁に囲まれた中央の衛兵所を、大猿は見た。
5.3.35	天上界のような神々しい都で、天上の音楽が鳴り響き、馬のいななきが轟き、装飾品の音が響いていた。
5.3.36	戦車、乗物、ヴィマーナ、吉祥の象や馬が並び、四本牙の象は白雲の連なりのようであった。
5.3.37	飾り立てられた美しい門を持ち、発情した鳥獣に満ちた、羅刹の主の守りの堅い宮殿に猿は入った。
5.4.1	そして智者は中天に至った太陽のような月を見た。大いなる月光の天蓋を吐き出しながら、空に輝く光を放つ者を——牧場で酔った雄牛が巡り歩くように。
5.4.2	世の罪を滅ぼし、大海をも満たし、すべての生き物を輝かせる冷たき光の月が近づくのを見た。
5.4.3	大地にはマンダラ山のラクシュミーが輝き、宵にはサーガラのラクシュミーが輝き、水中にはプシュカラのラクシュミーが輝く——同じく美しき夜の主に宿るラクシュミーが輝いていた。
5.4.4	銀の籠の中の白鳥のように、マンダラ山の洞窟の獅子のように、誇る象に乗った英雄のように——月もまた空に在りて輝いた。
5.4.5	瘤牛のように鋭い角を持ち、白い高峰の大山のようで、黄金で飾った角を持つ象のようで——月は満ちた角で輝いた。
5.4.6	明るい月の出に闇は消え、肉食する羅刹の罪は増し、美女に心を乱された者の情欲は高まる。天上の輝きに包まれた尊い宵闘であった。
5.4.7	琴の音色が心地よく響き、貞淑な妻たちは夫と共に眠り、夜の行者たちは恐ろしくも驚嘆すべき習いで遊び歩いた。
5.4.8	酔って狂い、戦車、馬、吉祥な象に満ち、英雄たちの栄光に満ちた一族を、智者の猿は見た。
5.4.9	互いに挑発し合い、太い腕を振り回し、酔った戯言を放ち、酔った者同士が罵り合っていた。
5.4.10	羅刹たちは胸を張り、愛人たちに体を投げかけ、美女たちと語らい、またある者はそこで眠っていた。
5.4.11	鳴り響く大象や、よく崇められた善良な者たち、溜息をつく英雄たち——息を吐く蛇のいる池のようであった。
5.4.12	知恵に秀で、美しい名を持ち、信仰深く、世に名高い、さまざまな姿の美しい名の夜叉（羅刹）たちをその都に見た。
5.4.13	美しい姿の彼らを見て喜び、さまざまな美徳を持つ己の徳に相応しい者たち、輝く美しい者たちを見た。一方でまた醜い者たちも見た。
5.4.14	清らかな心を持つ上品な大いなる力の妻たち、愛する夫や酒に心を寄せる女たち——星々のように美しく輝く者たちを見た。
5.4.15	栄光に輝き、羞恥に包まれ、夜更けに恋人に抱かれた女たち。ある者は愛する女に抱かれ——花に包まれた鳥のように。
5.4.16	ある者は宮殿の屋上に座し、愛する者の膝に心地よく座り、夫に愛されて法を守り、誇りに満ちた者たちを智者は見た。
5.4.17	覆いもなく黄金の色をした者、最上の純金のような色の者、月のような印を持つ色の者——恋人を失い美しい肢体の色をした者たちもいた。
5.4.18	心に喜ばしい愛する人を得て、大いに喜び、家々で歓喜に満ちた最も美しい女たちを猿の英雄は見た。
5.4.19	月光のような顔の連なり、曲がった睫毛の美しい目の列、装飾品の連なり——稲妻の美しい列のように。
5.4.20	だがシーターは見えなかった。最も高貴に生まれ、道に確立し、王家に生まれ、咲き誇る蔦のように美しく育った、細身で心清らかなシーターは。
5.4.21	永遠の道に身を置き、ラーマのみを見つめ、恋慕に満ちて、夫の吉祥なる心に入り込み、常に上等な女たちの中でも際立つシーターは。
5.4.22	熱に苦しみ涙が喉を伝い、かつて最上の首飾りで飾られた首を持ち、美しいまつ毛と赤い喉の——森に鳴くインドの孔雀のようなシーターは。
5.4.23	薄れた月の線のように、塵にまみれた黄金の線のように、傷ついて治りかけた矢の線のように、風に裂かれた雲の線のようなシーターは。
5.4.24	人の主ラーマの妻、弁舌家の中の最上者の伴侶シーターを見つけられず、猿は長い時を経て悲嘆に打たれ、たちまち意気消沈した。
5.5.1	自在に姿を変える猿は、思いのままに他の住居を巡り歩き、身軽にランカーの中を歩き回った。
5.5.2	吉祥なる者は、やがて羅刹の王の宮殿に至った。太陽のような色の輝く城壁に囲まれていた。
5.5.3	恐ろしい羅刹たちが獅子のように守る大いなる森のような宮殿を、猿の雄者は見つめながら輝いていた。
5.5.4	銀をちりばめた美しい門、黄金で飾られた門楼、華やかな内庭と美しい扉に囲まれていた。
5.5.5	象に乗った大臣たち、疲れ知らずの勇者たちが控え、制御しがたい馬や戦車が備えられていた。
5.5.6	獅子や虎の皮の鎧、象牙と黄金と銀で飾られた、音高く華やかな戦車が常に行き交っていた。
5.5.7	多くの宝石にあふれ、最上の座席と器を備え、大いなる戦士たちの住居にして大いなる戦車の座を持つ宮殿。
5.5.8	美しく珍しい鳥獣が何千とあふれ、四方から満たされていた。
5.5.9	礼儀正しい門番と羅刹たちに堅く守られ、優れた美女たちで四方が満たされていた。
5.5.10	歓喜する美女たちが宝石のように飾る羅刹の王の宮殿は、上等な装飾品の響きで海の音のように鳴り渡っていた。
5.5.11	王の威徳を備え、上等な白檀に満ち、太鼓やムリダンガの音が轟き、法螺貝の音が響き渡る宮殿。
5.5.12	常に崇められ、祭日に供物が捧げられ、羅刹たちに常に敬われる——海のように深く、海のように轟く宮殿。
5.5.13	偉大なる者たちの大いなる住居で、大いなる宝石の調度品に飾られ、多くの人で賑わう宮殿を大猿は見た。
5.5.14	光り輝く姿で、象、馬、戦車に満ちた宮殿を、大猿はランカーの装飾品そのものだと思った。
5.5.15	猿は恐れることなく、羅刹たちの館から館へ、庭園から宮殿へと歩き回った。
5.5.16	大いなる速度の者はプラハスタの館に飛び降り、次に力ある者はマハーパールシュヴァの館に飛んだ。
5.5.17	雲のようなクンバカルナの館へ、そしてヴィビーシャナの館へと大猿は飛んだ。
5.5.18	マホーダラの館、ヴィルーパークシャの館、ヴィディユッジフヴァの館、ヴィディユンマーリンの館、そしてヴァジュラダンシュトラの館にも大猿は飛んだ。
5.5.19	大いなる速度の猿の将はシュカの館、聡明なるサーラナの館、そしてインドラジットの館にも行った。
5.5.20	ジャンブマーリンの館、スマーリンの館にも猿の将は行った。ラシュミケートゥの館、そしてスーリヤシャトルの館にも。
5.5.21	風神の子はドゥームラークシャの館、サンパーティの館にも。ヴィディユドルーパの館、ビーマの館、ガナの館、ヴィガナの館にも。
5.5.22	シュカナーバの館、ヴァクラの館、シャタの館、ヴィカタの館、フラスヴァカルナの館、ダンシュトラの館、そして羅刹ローマシャの館にも。
5.5.23	ユッドーンマッタの館、マッタの館、ドゥヴァジャグリーヴァの館、ナーディンの館。ヴィディユッジフヴァとインドラジフヴァの館、そしてハスティムカの館にも。
5.5.24	カラーラの館、ピシャーチャの館、ショーニタークシャの館にも。風神の子ハヌマーンは順に一つ一つ巡った。
5.5.25	名高き大猿は、その高価な館の一つ一つで、富める者たちの富を見た。
5.5.26	すべての館を四方に巡った後、吉祥なる者は羅刹の王の宮殿に至った。
5.5.27	猿の最上者にして猿の虎は、歩き回りながらラーヴァナの侍女たちを見た——異形の目を持つ羅刹女たちを。鉾や棍棒を手にし、槍や戟を持つ者たちを。
5.5.28	その羅刹の主の宮殿でさまざまな衛兵の群れを見た。
5.5.29	赤い象、白い象、灰色の象、そして黄緑色の大いなる速さの象——良家の生まれで姿の美しい、敵の象を倒す象たちを。
5.5.30	象術の極みに達し、戦ではアイラーヴァタに等しく、敵軍を殲滅する者たちを、その館の中に見た。
5.5.31	滴る雲のように、流れる山のように、雷雲の轟きのような声を持ち、戦で敵に制しがたい象たちを。
5.5.32	純金で飾られた千の軍隊が、黄金の網で途切れなく覆われ、若い太陽のように輝いていた。
5.5.33	風神の子たる猿は、羅刹の王ラーヴァナの宮殿にさまざまな形の輿を見た。
5.5.34	美しい蔦の家、絵画の館、遊戯の家、そして木と石の山々も。
5.5.35	美しい愛の小部屋、昼の休息所も、羅刹の王ラーヴァナの宮殿に見た。
5.5.36	マンダラ山の麓のような、孔雀の遊び場に満ちた、旗竿の林立する最上の館を見た。
5.5.37	尽きせぬ宝石の集積と、四方に広がる宝蔵の網。沈着に極められた技巧の、万物の主の館のような。
5.5.38	宝石の光芒とラーヴァナの威光によって、その館は光の主が光を放つように輝いていた。
5.5.39	純金の寝台と椅子と輝く食器を、猿の将は見た。
5.5.40	蜂蜜酒で湿り、宝石の器に満ちた、心地よく広々とした——クベーラの館のような。
5.5.41	足環の音、腰帯の響き、ムリダンガや太鼓の響きで鳴り渡る宮殿。
5.5.42	宮殿の群れと数百の宝石のような美女に満ち、よく配置された内庭を持つ大きな館にハヌマーンは入った。
5.6.1	力ある者は館の網を見た——瑠璃と黄金の格子が張り巡らされた。雨季の大いなる雲の群れが、稲妻と鳥の群れに飾られるように。
5.6.2	さまざまな館の広間——武器、法螺貝、弓の広間——そして心を奪う広大な月光の間を、宮殿の山々の中に見た。
5.6.3	さまざまな宝を勝ち取り、神にも阿修羅にも崇められ、あらゆる欠点を免れた館——自らの力で勝ち取った館を猿は見た。
5.6.4	精魂込めて造られ、まるでマヤが自ら造ったかのような、大地の上であらゆる美徳において最上のランカーの主の館を見た。
5.6.5	次に、聳え立つ雲のような、心を奪う黄金の美しい姿の、羅刹の主の力に相応しい最上の館を見た——比類なき姿の。
5.6.6	大地の上の天上のように宝石をちりばめて栄光に輝き、さまざまな樹の花で覆われた——埃に覆われた山頂のように。
5.6.7	最上の女たちに照らされ、雲が稲妻に飾られるように。最上の白鳥に運ばれるように——空に浮かぶ善行者たちのヴィマーナのような、栄光に満ちた館。
5.6.8	山頂がさまざまな鉱脈で彩られるように、空が惑星と月で飾られるように、巧みに配された雲で彩られた——多くの宝石に彩られたヴィマーナの宝を見た。
5.6.9	大地は山脈に満ち、山々は樹木の天蓋に満ち、樹々は花の天蓋に満ち、花は蕊と花弁に満ちていた。
5.6.10	白い建物が造られ、花盛りの蓮池があり、蕊を持つ蓮花が咲き、さまざまな美しい豊かな森があった。
5.6.11	プシュパカという名で輝くそのヴィマーナは、宝石の光で栄え、最上の館の中でも一段と高く聳えていた。大猿はそこでこの大いなるヴィマーナを見た。
5.6.12	瑠璃で造られた鳥、銀と珊瑚で造られた鳥。さまざまな宝石で彩られた蛇、種類に合った美しい体の馬。
5.6.13	珊瑚と純金の花の翼を持ち、優美に翼を傾けた——まるでカーマの使者のように美しい鳥たちが造られていた。美しい顔と翼を持つ鳥たち。
5.6.14	象の鼻も巧みに造られ、蕊を持つ蓮の葉のような鼻を持つ象も。蓮を手にした蓮池のラクシュミー女神も美しい手で造られていた。
5.6.15	こうしてその美しき館に至り、美しい山のように驚嘆した。そしてまた、冬が去った後の山の美しい洞窟のように、最も芳しく美しい館を見た。
5.6.16	猿は崇められたその都——十の頭を持つ者の腕に守られた都を巡り歩いたが、崇敬され、夫の美徳への烈しい思いに苦しむジャナカの娘は見つからなかった。
5.6.17	精神を多くの方法で修めた、自己を制した者、善き道の者、優れた目を持つ偉大なる者が、ジャナカの娘を見つけられぬまま歩き回り、その心は深い悲しみに打たれた。
5.7.1	その最上の住居群の中央に、風神の子ハヌマーンは広大にして巨大な最上の館を見つけた。
5.7.2	半ヨージャナの幅と一ヨージャナの長さを持つその館は、羅刹の王の宮殿であり、多くの楼閣に満ちていた。
5.7.3	ヴァイデーヒー、大きな目のシーターを捜しながら、敵を滅ぼす者ハヌマーンは四方をくまなく巡った。
5.7.4	四本牙や三本牙の象に囲まれ、広々として武器を構えた者に守られていた。
5.7.5	ラーヴァナの宮殿はその妻たちの羅刹女たちに満ち、力で連れ去られた王族の娘たちに囲まれていた。
5.7.6	それはまるで、鰐や海獣が満ち、ティミンギラやジャシャが蠢き、風の勢いで揺れ、蛇が棲む大海のようであった。
5.7.7	ヴァイシュラヴァナ（クベーラ）にある富も、ハリヴァーハナ（インドラ）にある富も、ラーヴァナの宮殿にはすべて常に在り、決して失われることがない。
5.7.8	クベーラ王の富も、ヤマの富も、ヴァルナの富も——ここ羅刹の館の富はそれらと同等か、それ以上であった。
5.7.9	宮殿の内部にある別のよく造られた館を、風神の子は見た。多くの門楼に満ちた。
5.7.10	ブラフマーのためにヴィシュヴァカルマンが天上に造った神々しいヴィマーナ——プシュパカと名づけられ、あらゆる宝石で飾られた。
5.7.11	クベーラが無上の苦行によってブラフマーから得たものを、ラーヴァナが力でクベーラに勝って奪い取った。
5.7.12	黄金の獣の彫刻で飾られた、精巧に造られた柱が並び、栄光に輝くヴィマーナ。
5.7.13	メールやマンダラのように空をかすめる、吉祥の姿をした美しい楼閣で四方を飾られていた。
5.7.14	炎と太陽のように輝き、ヴィシュヴァカルマンが精巧に造り上げた。黄金の階段と美しい最上の基壇を備えていた。
5.7.15	格子の窓を持ち、黄金と水晶の柱を備え、インドラニーラと大いなるニーラの宝石で造られた最上の基壇——この神々しいプシュパカ・ヴィマーナに大猿は登った。
5.7.16	そこに立つと、酒と食物と料理から生まれた、姿を持つ風のような神々しい芳香が漂い、彼はそれを嗅いだ。
5.7.17	その香りは大いなる勇者を、親族が親族を導くように、「こちらへ来い」と言うかのように、ラーヴァナのいる場所へと導いた。
5.7.18	それから進んで行くと、大きく吉祥なる広間を見た——ラーヴァナの心に適う、美しい女のような広間を。
5.7.19	宝石の階段で飾られ、黄金の格子に輝き、水晶の床に覆われ、象牙と銀が交互に輝く広間。
5.7.20	真珠、珊瑚、銀、純金で飾られた宝石の柱が何本も立ち並んでいた。
5.7.21	均等で真っ直ぐに非常に高く、四方を美しく飾られた柱が、翼のように高く天に向かって伸びているかのようであった。
5.7.22	大地の印を刻んだ大きな絨毯が敷かれ、都や田園が描かれた——大地のように広大な。
5.7.23	酔った鳥の声が鳴り響き、天上の芳香に包まれ、最上の敷物が敷かれ、羅刹の主が住まう広間。
5.7.24	沈香の煙で薄く煙り、白鳥のように白く清らかで、花の供物で彩られ、まだらで美しく輝く広間。
5.7.25	心に歓喜を生み、肌の色さえも明るくする——悲しみを消し、神々しく、栄光を生むかのような広間。
5.7.26	五つの感覚を五つの最上の感覚対象で満たす——母のように。ラーヴァナに守られたその広間は。
5.7.27	「ここは天上か、神々の世界か、インドラの都か、あるいは最高の完成の境地か」と風神の子は思った。
5.7.28	考え込むようにして黄金の燈明を見た——賭博で大いなるいかさま師に負けた博打打ちのように灯る灯明を。
5.7.29	灯明の光とラーヴァナの威光と装飾品の輝きによって、広間は燃え上がっているかのように思えた。
5.7.30	やがて絨毯の上に座るさまざまな色の衣と花輪をまとった千人の美女を見た——さまざまな衣装と装飾品で飾られた。
5.7.31	真夜中を過ぎ、酒と眠りに支配され、夜に遊び疲れた彼女たちは、ぐっすりと眠っていた。
5.7.32	音もなく装飾品が静まり返り、白鳥も蜜蜂も声を静めた——大きな蓮の森のようなその眠りの光景は美しかった。
5.7.33	風神の子は美しい女たちの顔を見た——歯を閉じ、目を閉じた、蓮の香りの顔を。
5.7.34	夜明けに目覚めた蓮のようであったその顔は、再び花弁を閉じた——夜のうちに閉じた蓮のように。
5.7.35	「この蓮の顔々を、酔った蜜蜂たちが、咲き誇る蓮花のように、繰り返し求めるに違いない」
5.7.36	吉祥なる大猿はこう考えた。理にかなったことだ——美徳においてこれらの顔は蓮と等しいのだから。
5.7.37	彼女たちに飾られたその広間は美しかった——澄んだ秋の空が星々に飾られるように。
5.7.38	彼女たちに囲まれた羅刹の主は輝いていた——吉祥なる月の主が星々に囲まれるように。
5.7.39	「天から落ちた星々が——功徳の残りをまとった者たちが——ここに集まったのだ」と猿はその時思った。
5.7.40	大いなる吉祥の輝きを放つ星々のように、光も色も美しさも、そこの女たちは輝いていた。
5.7.41	重い大きな花輪がずれ落ち、上等な装飾品が散らばっていた。酒と遊びの時が過ぎ、眠りに心を奪われた者たちであった。
5.7.42	ティラカが乱れた者、足環がずれた者、脇に首飾りが落ちた者——最上の女たちもいた。
5.7.43	顔に首飾りがかかった者、衣服が乱れた者、腰紐が解けた者——走り回る牝馬のように。
5.7.44	美しい耳飾りをつけた者もいたが、花輪は千切れて散らばっていた——大象に踏まれた大きな森の蔦の花のように。
5.7.45	月光のような輝きの首飾りが、眠る女たちの乳房の間で横たわっていた——眠る白鳥のように。
5.7.46	ある者の瑠璃の首飾りはカーダンバ鳥のようで、ある者の金の糸はチャクラヴァーカ鳥のようであった。
5.7.47	白鳥やカーランダヴァ鳥が群れ、チャクラヴァーカ鳥が飾る——河のように輝く女たちの臀部は砂州のようであった。
5.7.48	鈴の網のように、黄金の大きな蓮花のように。心を捕らえ名声を岸辺とする——眠る河のようであった。
5.7.49	柔らかな体や乳房の先に留まる装飾品の連なりは、装飾品そのものが装飾品であるかのように美しかった。
5.7.50	ある者の衣の端が、口からの息で揺れ、顔の上で繰り返しなびいていた。
5.7.51	旗のようにはためく美しい輝きの衣が、さまざまな色と金色の妻たちの顔のもとで輝いた。
5.7.52	吉祥の輝きを持つ美しい女たちの耳飾りが、口の息のそよぎでゆっくりと揺れ動いていた。
5.7.53	砂糖酒の香りのする、生来芳しく心地よい彼女たちの口の吐息が、ラーヴァナに仕えていた。
5.7.54	ラーヴァナの顔を恋しがるある者たちは、ラーヴァナの顔と間違えて、同房の女の顔を繰り返し嗅いでいた。
5.7.55	ラーヴァナに過度に心を奪われたそれらの美女たちは、自らの意思では制御できず、同房の女にさえ愛を注いでいた。
5.7.56	腕輪で飾られた腕を枕にし、美しい衣を纏った美女たちがそこで眠っていた。
5.7.57	ある者の胸に別の者が寄りかかり、その者の腕に別の者が、さらに別の者の膝に別の者が、その腕にまた別の者がもたれかかっていた。
5.7.58	太腿、脇腹、腰、背に互いに寄りかかり、互いの体に絡みつき、酔いと愛情に従って。
5.7.59	互いの体の触れ合いを喜ぶ細腰の女たちは、腕を一つに絡み合わせてそこで眠っていた。
5.7.60	互いの腕という糸で編まれた女の花輪——糸に通された花輪のように美しく、酔った蜜蜂が群れていた。
5.7.61	春の月に花咲く蔦が風に触れ合い、互いの花輪に編まれ、花の集まりが絡み合うように。
5.7.62	互いの美しい茎に巻き付き、互いの蜜蜂が入り乱れる——揺れ動く森のようなラーヴァナの女たちの林であった。
5.7.63	馴染みの装飾品、体、衣、花輪の見分けさえつかなかった——その時の女たちには。
5.7.64	ラーヴァナが心地よく眠る間、さまざまな輝きを放つ女たちのもとで、黄金の灯明が燃え、瞬かぬ目のように見守っていた。
5.7.65	王仙、祖霊、ダイティヤ、ガンダルヴァの娘たち、羅刹の娘たち——皆がラーヴァナの情欲に従う者となっていた。
5.7.66	そこにはいかなる女もいなかった——力ずくで奪われ、武勇ある美徳で得られた者以外には。他の者を愛する者も、他の者を夫に持つ者もいなかった——上等な敬いに値するジャナカの娘を除いては。
5.7.67	低い家柄の者もおらず、姿の劣る者もおらず、不器用な者も礼節に欠ける者もいなかった。勇気のない妻もおらず、愛する者にふさわしくない者もいなかった。
5.7.68	猿の王に善き知恵が浮かんだ。「もしラーグハヴァの正妻もこれらの羅刹王の妻たちのように美しいなら、この方にはふさわしいことだ」
5.7.69	さらに悲痛な表情でこう考えた。「シーターは美徳においてきっとこの者たちより遥かに優れている。しかるにこのランカーの主が、偉大なる者が彼女に対して卑劣で不名誉な行いをしたのだ」
5.8.1	そこにハヌマーンは、宝石で飾られた水晶の寝台を見た。それは天上のものに匹敵する最高の臥所であった。
5.8.2	その寝台の一角に、最上の花環で飾られた白い傘を見た。それは月の王に似て輝いていた。
5.8.3	若い侍女たちが払子を手にして四方から扇いでいた。様々な香りが漂い、上等の香が焚かれていた。
5.8.4	最上の敷物が敷かれ、羊皮と鹿皮で覆われ、美しい花環の紐で四方が飾られていた。
5.8.5	その寝台の上に、雨雲のごとき姿の者が横たわっていた。輝く最上の耳飾をつけ、赤い目をし、太い腕を持ち、銀白の衣を纏っていた。
5.8.6	赤い白檀の香油が芳しく全身に塗られ、稲妻を帯びた夕焼けの雲のようであった。
5.8.7	天上の装飾品に飾られ、美しい姿で意のままに形を変える者——マンダラ山が草木と灌木に覆われて眠るかのようであった。
5.8.8	夜に遊興を終えて休み、美しい装飾品を身につけたその者は、羅刹の娘たちの愛しき人、羅刹たちに歓びをもたらす者であった。
5.8.9	飲酒の後に休んだ、輝く寝台の上の勇者——眠れる羅刹の王を、大猿は目にした。
5.8.10	蛇のように荒い息を吐くラーヴァナを間近に見て、猿の中の最上者は極度に怯え、恐れおののいて退いた。
5.8.11	やがて階段の踊り場に上り、欄干の陰に身を寄せた大猿は、眠れる羅刹の虎を見つめた。
5.8.12	眠る羅刹王の最上の寝台は、香り高い象が横たわる大きな泉のように美しく輝いていた。
5.8.13	黄金の腕輪を嵌めた大いなる者の両腕が広げられているのを見た。それはインドラの旗竿にも似ていた。
5.8.14	アイラーヴァタの牙先で傷つけられ、ヴァジュラで削られた太い肩を持ち、ヴィシュヌの円盤の痕が残っていた。
5.8.15	太く均整のとれた腕は、力に満ち、美しい爪と指を持ち、手のひらには吉兆の相が刻まれていた。
5.8.16	鉄棒のように堅く丸い両腕は象の鼻に似て、白い寝台の上に投げ出され、五つの頭を持つ蛇のようであった。
5.8.17	兎の血にも似た冷たく芳しい白檀が、上等なものとして塗られ、見事に飾られていた。
5.8.18	最上の女たちに揉みほぐされ、最高の香を楽しみ、ヤクシャ・ナーガ・ガンダルヴァ・神々・ダーナヴァを打ち負かした両腕であった。
5.8.19	寝台に横たわるその両腕を猿は見た。マンダラ山の間に眠る二匹の大蛇のようであった。
5.8.20	力に満ちたその両腕を持つ羅刹の王は、二つの峰を持つマンダラ山のように輝いていた。
5.8.21	マンゴーやナーガの花の香り、バクラの最上の香りが混じり、上等な食事の匂いと酒の香りが漂っていた。
5.8.22	眠る羅刹の獅子の口からは、巨大な吐息が漏れ出て、その部屋を満たすかのようであった。
5.8.23	真珠と宝石をちりばめた黄金の冠はずれ落ち、耳飾が顔を照らしていた。
5.8.24	赤い白檀を塗られた首飾りに飾られ、太く広い胸が堂々と輝いていた。
5.8.25	白い絹の衣は乱れて外れ、血のように赤い目をした者は、上等の黄色い衣で見事に覆われていた。
5.8.26	胡麻の山のように黒く、蛇のごとく息を吐き、ガンガー河の大きな淵に横たわる象のようであった。
5.8.27	四方を照らす四つの黄金の燈火に全身を輝かされ、稲妻の群れに照らされた雲のようであった。
5.8.28	その大いなる者の足元には妻たちが横たわっていた。愛妻を好むその羅刹の王の館において。
5.8.29	月のように輝く顔に美しい耳飾をつけ、萎れぬ花環と装飾品を身につけた女たちを、猿の群れの長は見た。
5.8.30	舞踊と音楽に長けた、羅刹王の腕の中に抱かれた女たちが、美しい装飾品を身につけて座しているのを猿は見た。
5.8.31	ヴァジュラやヴァイドゥーリヤを嵌め込んだ黄金の耳飾と腕輪が、女たちの耳元に輝いていた。
5.8.32	月のように美しく、しとやかな耳飾をつけた彼女たちの顔によって、その宮殿は星々に飾られた夜空のように輝いた。
5.8.33	酒と遊興に疲れた羅刹王の細腰の妻たちは、あちこちの場所で眠り込んでいた。
5.8.34	ある女はヴィーナーを抱きしめたまま眠っており、大河に流された蓮の筏にしがみつく者のようであった。
5.8.35	黒い瞳の別の女は、脇にマッドゥカ太鼓を抱えて眠っており、幼子を抱く慈愛深い母のようであった。
5.8.36	美しい肢体と豊かな乳房を持つ女は、パタハ太鼓を抱きしめて横たわり、久しぶりに恋人を得て抱きしめる恋する女のようであった。
5.8.37	蓮の目をした別の女は、銅鑼を抱いて眠り、眠りに負けて恋人とともに横たわる美女のようであった。
5.8.38	黄金色の柔らかく豊かな肢体を持つ別の女は、酔眼のまま手足でムリダンガを抱きしめて眠っていた。
5.8.39	細腰の非の打ちどころなき女は、脇の下にパナヴァ太鼓を挟み、酔いの疲れで眠っていた。
5.8.40	別の女はディンディマ太鼓を抱え、まるで若い子牛を抱きしめる美女のように眠っていた。
5.8.41	蓮の目をしたある女は、腕に抱かれて圧し潰されたアーダンバラ太鼓を傍らに、酔いに惑って眠っていた。
5.8.42	別の美女は水瓶を脇に押しやって眠り、春に手入れされた色とりどりの花環のようであった。
5.8.43	ある若い女は、黄金の水瓶のような両の乳房を両手で抱え、眠りの力に負けて眠っていた。
5.8.44	蓮の葉のような目をした別の美しい腰の女は、満月のような顔の別の女を抱きしめ、酔いに惑って眠っていた。
5.8.45	美しい女たちは、様々な楽器を抱きしめ、乳房で押しつけながら、恋人を抱くかのように眠っていた。
5.8.46	一隅の美しい寝台に横たわる、一人の際立って美しい女を猿は見つけた。
5.8.47	真珠と宝石をあしらった装飾品で見事に飾られ、その美しさで最上の宮殿そのものを飾っているかのようであった。
5.8.48	色白で黄金の肌色をした、後宮の女主人——美しい姿で横たわるマンドーダリーを猿はそこに見た。
5.8.49	大腕のマールティは、装飾品を身につけたその女を見て、その容姿と若さと気品ゆえに「これこそシーターだ」と思い込み、大いなる歓喜に包まれて猿の群れの長は躍り上がった。
5.8.50	手を打ち、尻尾を振り、踊り、歌い、跳ね回り、柱に登り、地に飛び降り——猿としての本性をあらわにした。
5.9.1	しかしその考えを振り払い、冷静さを取り戻した。大猿はシーターについて別の思案を巡らせ始めた。
5.9.2	「ラーマと離れたあの美しき女が、安らかに眠るはずがない。食べることも飾ることも、酒を嗜むこともないはずだ」
5.9.3	「神々の主であっても、ラーマ以外の男に近づくことはない。三十三天にもラーマに等しい者はいないのだから。これは別人だ」と確信し、彼は酒宴の場を歩き回った。
5.9.4	ある者は遊戯に疲れ、ある者は歌に疲れ、ある者は舞踊に疲れ、ある者は酒に酔い倒れていた。
5.9.5	太鼓やムリダンガの上、長椅子の上、そして最上の敷物の上に、女たちはそれぞれ横たわっていた。
5.9.6	千人もの女たちが装飾品で飾られ、美しく語り合い、歌の真意を知る者たちであった。
5.9.7	時と場をわきまえ、適切な言葉を語る女たちに囲まれ、情事に疲れて眠る者を猿の群れの長は見た。
5.9.8	その女たちの中に横たわる大腕の羅刹王は、大きな牛舎の名牛の群れの中の種牛のように輝いていた。
5.9.9	その羅刹王は女たちに取り囲まれ、森で雌象の群れに囲まれた大象のようであった。
5.9.10	大いなる羅刹の王の館の酒宴の場には、あらゆる欲望を満たすものが揃っていた。それを猿の虎は目にした。
5.9.11	鹿や水牛や猪の肉が部位ごとに盛られているのを、酒宴の場に見た。
5.9.12	黄金の大皿には半ば食べかけの孔雀や鶏が載っていた。それを猿の虎は見た。
5.9.13	ヴァールドラーナサを添えた猪の肉、凝乳と岩塩を添えた肉、ヤマアラシや鹿や孔雀の肉をハヌマーンは眺めた。
5.9.14	クリカラ鳥や様々に調理されたチャコーラ鳥、半ば食べ残された水牛の肉、味付けされた山羊の肉——そして舐め物や飲み物、様々な食べ物もあった。
5.9.15	酸味と塩味を効かせた様々な料理や甘味の上に、外された首飾りや足環や腕輪が高価なまま散らばっていた。
5.9.16	酒器から転がり出た様々な果物が散り、花を供えた床は一層の華やぎを放っていた。
5.9.17	あちこちに置かれた精巧な寝台と椅子により、酒宴の場は火がなくとも燃え立つかのように輝いていた。
5.9.18	様々に上等な調理法で仕上げられ、巧みに味付けされた肉が、酒宴の場のそこかしこに置かれていた。
5.9.19	天上のごとき澄んだ様々な酒、蒸留酒、砂糖酒、蜂蜜酒、花の酒、果実酒——それぞれ様々な香粉で風味づけされていた。
5.9.20	花環が一面に散り敷かれた床は美しく輝いていた。黄金の水差し、水晶の器、そしてジャーンブーナダ金の水差しが所狭しと並んでいた。
5.9.21	銀の壺やジャーンブーナダ金の壺には、最上の酒が豊富に満たされていた。それを猿はそこに見た。
5.9.22	シードゥ酒の黄金や宝石の杯を見た。ある所では半ば残り、ある所では飲み干され、ある所では手つかずのままであった。
5.9.23	あちこちに様々な食べ物、あちこちに酒、あちこちに食べ残し——それらを眺めながら彼は歩き回った。
5.9.24	ある所には割れた水差し、ある所にはかき回された壺、ある所には花環と水と果物が混じり合っていた。
5.9.25	女たちの寝台は多くが空であった。互いに抱き合って眠る美女もいた。
5.9.26	ある女は別の女の衣を奪って抱きしめ、若い女は眠りの力に負けて眠っていた。
5.9.27	女たちの吐息の風に、衣と体に巻いた花環がかすかに揺れていた。まるで微風を受けた色とりどりの旗のようであった。
5.9.28	冷たい白檀の香り、甘い蒸留酒の香り、様々な花環の香り、様々な花の香り——
5.9.29	それらの様々な香りを運ぶ風が、白檀や沐浴料や薫香の香りと混じり合い、芳しくプシュパカ宮殿に吹き渡っていた。
5.9.30	その風は白檀や沐浴料や薫香の香りに酔い、芳しくプシュパカ宮殿の中を流れていた。
5.9.31	浅黒い者、色白の者、黒い肌の美女、黄金色の肌の女たちが、羅刹の宮にいた。
5.9.32	眠りに支配され、情欲に心を奪われた彼女たちの姿は、眠れる蓮の池のようであった。
5.9.33	かくしてラーヴァナの後宮のすべてを残らず見た大いなる威力の猿は、ジャーナキーを見つけることはできなかった。
5.9.34	他人の妻たちを見つめ続けた大猿は、深い憂慮に沈んだ。ダルマを犯したのではないかと恐れたのである。
5.9.35	「他人の妻の後宮を、眠っているとはいえ覗き見ること——これは確かに私にとって重大な法の逸脱となるだろう」
5.9.36	「しかし、他人の妻たちに向ける私の目は、欲望に染まってはいない。ここで私が見たのは、他人の妻たちの一群にすぎない」
5.9.37	やがて思慮深い彼の心に、別の考えが浮かんだ。確固たる一心で、なすべきことの結論を見極める者であった。
5.9.38	「確かに私はラーヴァナの妻たちを皆、安心しきった姿で見てしまった。しかし私の心にはいかなる動揺も生じていない」
5.9.39	「心こそがすべての感覚器官を善悪いずれの状態においても動かす根本である。そして私の心はしっかりと安定している」
5.9.40	「ヴァイデーヒーを他の場所で捜すことは不可能だ。女を捜すには常に女たちの中を捜さねばならないのだから」
5.9.41	「ある生き物を捜すには、その種が属する場所で捜さねばならない。行方不明の女を鹿の群れの中に捜すことはできないのだ」
5.9.42	「かくして清浄な心でラーヴァナの後宮をすべて捜した。しかしジャーナキーは見つからなかった」
5.9.43	勇猛なハヌマーンは、天女やガンダルヴァの娘、ナーガの娘たちを見回したが、ジャーナキーの姿はなかった。
5.9.44	その勇者はシーターを見つけられず、他の美女たちばかりを見て、その場を離れ、深く考え込み始めた。
5.10.1	その大猿は宮殿の中を、蔓の家や彩色の間や夜の部屋を巡り歩いた。シーターを見たいと心ははやったが、美しきその姿はどこにも見えなかった。
5.10.2	そこで大猿は思った。「ラグナンダナの愛しき妻がどこにも見えない。捜し回ってもマイティリーの姿が現れぬとは、シーターはきっと死んでしまったのだ」
5.10.3	「貞節を守ることに全身全霊を傾けるあの純潔な若い女は、正道に立つ高貴な女であった。邪悪な行いをするこの者に、きっと殺されたのだ」
5.10.4	「醜く歪んだ顔、光を失った者たち、大きな口に長く異様な容貌——そんな羅刹王の女たちを見て、ジャナカ王の娘は恐怖のあまり命を落としたのだろう」
5.10.5	「シーターを見つけられず、英雄としての務めも果たせず、猿たちと長い時を過ごしてしまった。スグリーヴァのもとへ戻る道も私にはない。あの猿王は厳しい罰を下す力を持つ者だ」
5.10.6	「後宮はすべて見た。ラーヴァナの妻たちも見た。しかし貞淑なシーターは見当たらない。私の苦労はすべて無駄であった」
5.10.7	「猿たちが集まって私に何と言うだろう。『勇者よ、そちらへ行って何を成し遂げたのか、教えてくれ』と」
5.10.8	「ジャナカの娘を見つけられなかったと、私は何と言えばよいのか。時が過ぎれば、きっと皆は絶食の死を選ぶだろう」
5.10.9	「老いたジャーンバヴァーンやアンガダは何と言うだろうか。海を渡った先で集まった猿たちは」
5.10.10	「不屈の心こそ栄光の根源、不屈の心こそ最上の幸福。もう一度捜そう、まだ捜していない場所を」
5.10.11	「不屈の心は常にあらゆる事業を推し進める力である。それがあれば、人の行いは必ず実を結ぶ」
5.10.12	「ゆえに私は不屈の心をもって最善の努力を尽くそう。ラーヴァナの支配下にある、まだ見ていない場所を捜すのだ」
5.10.13	「酒場も花の館も捜した。絵画の間もふたたび遊戯の間も捜した」
5.10.14	「路地も宮殿もすべて」——かく考えて、彼はふたたび捜索を始めた。
5.10.15	地下室や祠堂や離れ家まで——飛び上がり、飛び降り、立ち止まり、歩きながら。
5.10.16	扉を開き、門扉を押し破り、入っては出、跳び出ては跳び上がり——大猿はあらゆる場所を巡り歩いた。
5.10.17	四指の幅ほどの隙間すらなかった。ラーヴァナの後宮の中で、猿が足を踏み入れなかった場所は。
5.10.18	城壁内の路地、壇や祠の礎、溝や蓮池——すべてを彼は見尽くした。
5.10.19	様々な姿の、醜く歪んだ羅刹の女たちをハヌマーンはそこに見た。しかしジャナカの娘はいなかった。
5.10.20	世に比類なき美しいヴィドヤーダラの女たちをハヌマーンはそこに見た。しかしラーガヴァの歓びの人はいなかった。
5.10.21	満月のごとき顔をした美しきナーガの娘たちをハヌマーンはそこに見た。しかし細腰のシーターはいなかった。
5.10.22	羅刹王に力ずくで奪われたナーガの娘たちをハヌマーンはそこに見た。しかしジャナカの歓びの人はいなかった。
5.10.23	大腕のハヌマーン、マールタの息子は、その女を見つけられず、他の美女たちばかりを見て、深く落胆した。
5.10.24	猿たちの奮起も、大海を跳び越えたことも、すべて無駄であったと悟り、風の息子は再び憂慮に沈んだ。
5.10.25	マールタの息子ハヌマーンは宮殿から降り立ち、悲嘆に心を打ちひしがれて、思い悩み始めた。
5.11.1	猿の群れの長ハヌマーンは、宮殿から素早く城壁へ移った。稲妻が雲の間を走るがごとくであった。
5.11.2	ラーヴァナの住居をくまなく巡り歩き、ジャーナキー・シーターを見つけられなかった猿は、こう呟いた。
5.11.3	「ラーマの愛する者を捜してランカーを隅々まで探った。しかし全身が美しいヴァイデーヒー・シーターが見つからない」
5.11.4	「池も湖も水辺も川も、河川も湿地の森の果ても、険しい山々も——大地のすべてを捜し尽くした。しかしジャーナキーが見つからない」
5.11.5	「鷲の王サンパーティは、シーターがここ、ラーヴァナの住居にいると語った。しかし私には彼女が見えない」
5.11.6	「シーター、ヴァイデーヒー、マイティリー、ジャナカの娘——あの方が自ら、邪悪なラーヴァナに身を委ねるはずがない」
5.11.7	「シーターを掴んで飛び立つ羅刹が、ラーマの矢を恐れて急いだ時、きっとその途中で彼女は落ちたのだろう」
5.11.8	「あるいは、聖仙たちが住まう空の道を運ばれる時、高貴なる女は大海を見て、心臓が張り裂けて落ちたのかもしれない」
5.11.9	「ラーヴァナの猛烈な速さと両腕に締めつけられて、大きな目のあの高貴な女は命を捨てたのだろうと私は思う」
5.11.10	「あるいは大海を渡る間に、もがきながら海中に落ちたのかもしれない、ジャナカの娘は」
5.11.11	「ああ、あるいはこの卑劣な者が——身寄りもなく貞節を守ろうとするシーターを、苦行に身を捧げる彼女を食い殺したのか」
5.11.12	「あるいは羅刹王の妻たちに——罪なき黒い瞳の彼女が、邪悪な心の者たちに食われてしまったのかもしれない」
5.11.13	「満月に似た、蓮の花弁のような目をしたラーマの顔を思いながら、哀れにも命を落としたのか」
5.11.14	「ああラーマ、ああラクシュマナ、ああアヨーディヤー——とマイティリーは嘆き、ヴァイデーヒーは多くの悲しみを語り、そして身を横たえたのであろう」
5.11.15	「あるいは、ラーヴァナの館のどこかに閉じ込められ、籠の中の九官鳥のように、か細い声で嘆いているのかもしれない」
5.11.16	「ジャナカの家に生まれ、ラーマの妻である、細腰の蓮の目をしたあの女が、どうしてラーヴァナの支配に屈するだろうか」
5.11.17	「滅びたにせよ、失われたにせよ、死んだにせよ——ジャナカの娘、ラーマの愛しき妻のことを報告するに堪えない」
5.11.18	「報告しても禍があり、報告しなくても禍がある。いったい何をすべきか——実に苦しい局面だと思われる」
5.11.19	「このような事態にあって、今まさに相応しく、適切であることは何か」——ハヌマーンはさらに深く思案を巡らせた。
5.11.20	「シーターを見つけずに猿の王の都へ帰ったなら、私の英雄としての意義はどこにあるのか」
5.11.21	「大海を跳び越えたことも無駄となり、ランカーへの潜入も、羅刹たちを見たことも無駄となる」
5.11.22	「スグリーヴァは何と言うだろうか。集まった猿たちは。キシュキンダーに着いたダシャラタの二人の王子は」
5.11.23	「カークッツタの前に行って、最悪の知らせ——『シーターは見つかりませんでした』と告げたなら、あの方は命を捨てるだろう」
5.11.24	「荒く、残酷で、激しく、感覚を焼き尽くすような——シーターに関するその悪しき言葉を聞けば、あの方は存在しなくなる」
5.11.25	「苦境に陥り、死を覚悟したラーマを見れば、深い愛着を持つ聡明なラクシュマナもまた生きてはいないだろう」
5.11.26	「二人の兄弟が亡くなったと聞けば、バラタもまた死ぬであろう。バラタの死を見れば、シャトルグナも生きてはいまい」
5.11.27	「息子たちの死を目にすれば、母たちも生きてはいまい。カウサリヤーも、スミトラーも、カイケーイーも——疑いなく」
5.11.28	「恩義を知り、真実に堅い猿の王スグリーヴァは、ラーマがそのようになったのを見れば、命を捨てるだろう」
5.11.29	「心乱れ、苦しみ、意気消沈し、喜びを失った苦行の女ルマーは、夫への悲嘆に苛まれ、命を捨てるだろう」
5.11.30	「ヴァーリンの死の悲しみに打ちひしがれ、嘆きにやつれたターラーもまた、王の死に際して生きてはいまい」
5.11.31	「母と父を失い、スグリーヴァの破滅を見て、王子アンガダもなぜ命を保とうとするだろうか」
5.11.32	「主の悲嘆に打ちのめされた森の民は、頭を手のひらや拳で打ち叩くであろう」
5.11.33	「慰めと贈り物と敬意をもって栄光ある猿の王に慈しまれた猿たちは、命を捨てるだろう」
5.11.34	「森にも山にも囲いの中にも、集い合って遊ぶことはもうないだろう、猿の勇者たちは」
5.11.35	「妻子と大臣を伴い、主の災難に苦しみ、山頂から身を投げ、険しい谷に落ちるだろう」
5.11.36	「毒を、首吊りを、火への投身を、絶食を、あるいは刃を——猿たちは選ぶだろう」
5.11.37	「恐ろしい号泣が、私が帰れば起こるだろう。イクシュヴァーク族の滅亡と、森の民の滅亡が」
5.11.38	「ゆえにこの私は、キシュキンダーの都へは帰るまい。マイティリーなくしてスグリーヴァに会う力が私にはない」
5.11.39	「私が戻らず、ここに留まれば、法を知る二人の大戦車戦士は希望を持ち続けるだろう。猿たちも心を保つだろう」
5.11.40	「手で摘んだもの、口で集めたもののみを食し、規律を守り、木の根に住まう——ジャナカの娘を見つけられぬまま、林住者となろう」
5.11.41	「あるいは海辺の、根や果物や水の豊かな地で、薪を積んで火を起こし、その中に身を投じよう」
5.11.42	「あるいは正しく座して苦行の姿で瞑想すれば、この体をカラスや野獣が食い尽くすだろう」
5.11.43	「聖仙たちが認めた往生の法もある。ジャーナキーを見つけられなければ、正しく水に身を沈めよう」
5.11.44	「良き根を持ち、幸運で、名声と栄光の花環をまとった——その蔓が長い夜の間に枯れ果てた。シーターを見つけられぬ私にとっては」
5.11.45	「苦行者となろう、規律を守り木の根に住まう者に。黒い瞳のあの女を見つけずに、ここから帰りはすまい」
5.11.46	「もしシーターを見つけずに帰れば、アンガダは猿たち全員とともに生きてはいないだろう」
5.11.47	「滅びには多くの害があり、生きていれば幸いに出会える。ゆえに命を保とう。生きている限り、再会は必ず訪れる」
5.11.48	かくして様々な苦悩を心に抱き続け、猿の中の象は悲嘆の淵から抜け出すことができなかった。
5.11.49	「十の首を持つ大力のラーヴァナを殺すか。たとえシーターが奪われたとしても、報復は果たされるだろう」
5.11.50	「あるいはこの者を掴み上げ、大海の彼方へ運び、供物の獣をパシュパティに捧げるがごとく、ラーマに差し出そう」
5.11.51	シーターを見つけられず、このような思いに至った猿は、瞑想と悲嘆に心を支配されて、なおも思案し続けた。
5.11.52	「栄光あるラーマの妻シーターを見つけるまで、何度でもこのランカーの都を隅々まで捜し続けよう」
5.11.53	「サンパーティの言葉に従ってラーマを連れてきても、ラーガヴァが妻を見つけられなければ、猿たち全員を焼き尽くすだろう」
5.11.54	「ここに留まり、食を節し、感覚を制して暮らそう。私のせいで、人と猿の仲間たちが滅びてはならない」
5.11.55	「大樹が茂るこのアショーカの森がある。ここへ行ってみよう。ここはまだ捜していなかった」
5.11.56	「ヴァス神、ルドラ神、アーディティヤ神、アシュヴィン双神、マルト神群に礼拝し、羅刹たちの悲嘆を増す者として出発しよう」
5.11.57	「羅刹たちを打ち破り、イクシュヴァーク族の歓びの女神を、苦行者ラーマに引き渡そう——成就を苦行者に渡すがごとく」
5.11.58	大腕のマールティの息子ハヌマーンは、しばし瞑想するかのように佇み、思慮に感覚を張り詰めさせて立ち上がった。
5.11.59	「ラーマに、ラクシュマナに、そしてジャナカの娘なる女神に礼拝あれ。ルドラ、インドラ、ヤマ、風神に礼拝あれ。月、太陽、マルト群に礼拝あれ」
5.11.60	マールティは彼らに礼拝し、スグリーヴァにも礼拝して、すべての方角を見渡し、アショーカの森へと向かった。
5.11.61	心の中であらかじめ美しいアショーカの森を訪れた猿、マールタの息子は、さらなる考えを巡らせた。
5.11.62	「きっと羅刹で溢れ、森が鬱蒼と茂った場所であろう。あらゆる装飾が施されたアショーカの森は、よく考えて進まねばならない」
5.11.63	「番人が配置され、樹木を守っているに違いない。万物の主たる神もあまり激しくは風を送らない」
5.11.64	「ラーマのために、そしてラーヴァナに対して、この身を小さく縮めた。神々と聖仙の群れがここでの成就を授けてくださるように」
5.11.65	「自ら生まれたブラフマー神、諸天、アグニ、ヴァーユ、そしてヴァジュラを持つプルフータよ、私に成就を与えたまえ」
5.11.66	「縄を持つヴァルナ、月と太陽、大いなるアシュヴィン双神、そしてすべてのマルト神群よ」
5.11.67	「すべての生き物と、生き物たちの主と、そして道すがら姿を見せぬ守護者たちも、私に成就を与えたまえ」
5.11.68	「高い鼻、白い歯、傷なき肌、清らかな微笑み、蓮の花弁のような目——あの高貴な女の顔を、澄んだ月のように美しき顔を、いつ私は見ることができるだろうか」
5.11.69	「卑劣で邪悪な、残虐な行いをする者の、恐ろしく飾り立てた姿を持つ者に、力ずくで捕らわれた弱き苦行の女——どうか今日、私の目の前に現れてほしい」
5.12.1	しばし瞑想した後、大いなる威力を持つ彼は、その館の城壁へと跳び上がった。
5.12.2	城壁の上に立った大猿は、早春に花を咲かせた様々な樹木を見た。
5.12.3	サーラ樹、アショーカ樹、立派なチャンパカの樹、見事に花を咲かせたウッダーラカ、ナーガの樹、マンゴー、カピムカの樹。
5.12.4	マンゴーの林に覆われ、幾百もの蔓に包まれたその園林へ、弓弦から放たれた矢のごとく彼は飛び込んだ。
5.12.5	鳥たちの歌声に満ちた、銀や黄金の樹々に四方を囲まれた色とりどりの園に入った。
5.12.6	鳥や獣の群れで彩られた美しい園林——昇る太陽のように輝くその場所を、猿のハヌマーンは見た。
5.12.7	花と果実を豊かに実らせた様々な樹木に囲まれ、コーキラ鳥やブリンガラージャ鳥が酔ったように常に訪れていた。
5.12.8	人々が歓喜する季節、鹿と鳥が群れ集い、酔った孔雀たちが鳴き声を上げ、様々な鳥の群れが集う場所であった。
5.12.9	非の打ちどころなき王女を捜し求める猿は、安らかに眠る鳥たちを目覚めさせながら進んだ。
5.12.10	飛び立つ鳥の群れの翼がサーラの枝を打ち、色とりどりの花の雨がたちまち降り注いだ。
5.12.11	花に覆われたマールタの息子ハヌマーンは、アショーカの森の中で花でできた山のように輝いた。
5.12.12	四方に走り、木立の中を飛び回る猿を見て、すべての生き物が「春が来た」と思った。
5.12.13	樹々から落ちた色とりどりの花に覆われた大地は、飾り立てられた美女のように美しかった。
5.12.14	俊足の猿が力強く揺さぶった樹々は、色とりどりの花を一斉に降らせた。
5.12.15	葉も花も実も落ち尽くし、裸になった枝先の樹々は、賭けに負けて衣と装飾品を剥がされた者のようであった。
5.12.16	俊敏なハヌマーンに揺さぶられた大樹は、花を満載して花も葉も実も素早く散らした。
5.12.17	鳥の群れを失い、幹だけが頼りの樹々は、嵐に吹き散らされたかのように、もはや近づけぬ姿となった。
5.12.18	乱れた髪の若い女のように——紅が擦り落とされ、美しい歯と唇に噛み痕や爪の痕がつけられたように。
5.12.19	そのように尻尾と手と両足で踏みにじられ、美しい樹木が折れたアショーカの森となった。
5.12.20	大猿は蔓の紐を勢いよく引きちぎった。雨季にマールタがヴィンディヤ山の雲の群れを吹き散らすがごとく。
5.12.21	そこで猿は宝石の床、銀の床、そして黄金の床を見て歩き回った。
5.12.22	最上の水で満たされ、高価な宝石の階段を備えた、様々な形の池を見た。
5.12.23	真珠と珊瑚の砂を敷き、水晶の底石を持ち、岸辺の黄金の樹木で美しく飾られた池であった。
5.12.24	蓮と睡蓮が咲き誇り、チャクラヴァーカ鳥が鳴き、ナティウハ鳥の声が響き、白鳥やサーラサ鳥が歌う池であった。
5.12.25	樹木が並ぶ長い川が四方を巡り、甘露のような水をたたえた清らかな流れで整えられていた。
5.12.26	幾百もの蔓に覆われ、サンターナカの花に包まれ、様々な灌木に茂る林に囲まれ、キョウチクトウが合間に咲いていた。
5.12.27	やがて雨雲のように黒く、高くそびえる峰を持ち、色とりどりの頂に峰々が四方を囲む山を見た。
5.12.28	石の家に覆われ、様々な樹木に包まれた、世に美しい山を猿の虎は見た。
5.12.29	その山から流れ落ちる川を猿は見た。恋人の膝から飛び降りて落ちた愛しき女のようであった。
5.12.30	水辺に垂れた樹木の先端に飾られたその川は、怒る女をなだめる親しい者たちのようであった。
5.12.31	水が再び還流するその川を大猿は見た。恋人の元に再び戻った愛しい女のようであった。
5.12.32	その近くに、様々な鳥の群れが集う蓮池があった。それを猿の虎ハヌマーン、マールタの息子は見た。
5.12.33	人工の池もあった。冷たい水で満たされ、宝石の最上の階段を備え、真珠の砂で美しく飾られていた。
5.12.34	鹿の群れや色とりどりの林、ヴィシュヴァカルマンが造った巨大な楼閣や人工の園林で四方が飾られていた。
5.12.35	花や果実を実らせるすべての樹木には傘や祭壇が設けられ、すべてに黄金の壇が据えられていた。
5.12.36	幾百もの蔓の枝や多くの葉に覆われた、一本の黄金のシンシュパーの大樹を大猿は見つけた。
5.12.37	地面の起伏や泉も見た。また別の黄金の樹々は孔雀のように輝いていた。
5.12.38	それらの樹木の輝きに包まれて、大猿の勇者は「自分が黄金になった」と思うほどであった——メール山にいるかのように。
5.12.39	黄金の樹々が風に揺れ、幾百もの鈴の音が鳴り響くのを見て、彼は驚嘆した。
5.12.40	花が咲き誇る先端を持ち、美しく、若い新芽と若葉をつけた葉に覆われたシンシュパーの樹に、素早い者は登った。
5.12.41	「ここからヴァイデーヒーを見つけよう。ラーマに会いたいと切望し、苦悩するあの女が、こちらやあちらに歩いてくるのを偶然にでも」
5.12.42	「この邪悪な者のアショーカの森は確かに美しい。チャンパカ、白檀、バクラの樹で飾られている」
5.12.43	「この美しい蓮池は鳥の群れが集う場所。ラーマの王妃ジャーナキーは、きっとここに来るだろう」
5.12.44	「ラーマの愛しき王妃で、常にラーガヴァを慕うあの女は、森を歩くことに慣れている。きっとジャーナキーはここに来るだろう」
5.12.45	「あるいは鹿のような目をしたあの聡明な女は、この森を知っていて、ラーマへの想いにやつれながらも、ここに来るだろう」
5.12.46	「ラーマへの悲嘆に焼かれた美しい目の女神は、常に森を歩くことを好む森の住人として、きっとここに来る」
5.12.47	「かつてから常に森に暮らす者たちを慕ってきた——ラーマの愛しき妻、ジャナカの娘、貞節の女は」
5.12.48	「夕暮れの想いを抱く黒い肌のジャーナキーは、きっとこの清らかな水の川に、夕べの祈りのためにやって来るだろう、美しき女は」
5.12.49	「彼女にこそふさわしいこの美しいアショーカの森。王たちの主の妃であるラーマの伴侶にふさわしい吉祥の地」
5.12.50	「もしあの女神が生きているなら——月の主のごとき顔のあの方は、必ずこの清らかな川に来るだろう」
5.12.51	大いなるハヌマーンはかく考え、人の王の妃を待ちながら、花咲き葉の茂る木の陰に身を潜め、あたりのすべてを見渡していた。
5.13.1	その場に留まり、マイティリーを捜し求めながら、大地のすべてを見回していた。
5.13.2	サンターナカの蔓と樹木で飾られ、天上の香りと美味に満ちた、四方に美しく整えられた園であった。
5.13.3	ナンダナ園にも似た、鹿や鳥に囲まれ、楼閣や宮殿がひしめき、コーキラ鳥の声が満ちる園を。
5.13.4	黄金の蓮と睡蓮の池で飾られ、多くの座席と敷物を備え、多くの地下室を持つ園を。
5.13.5	あらゆる季節の美しい花を咲かせ実をつける樹木と、花開くアショーカ樹の日の出のような輝きを放つ園を。
5.13.6	マールティはそこに立ち、燃え上がるように輝く園を見つめた。葉の落ちた枝先からは幾百もの鳥が色とりどりの花冠をつけて飛び立っていった。
5.13.7	根元から花に覆い尽くされたアショーカの樹は、悲しみを消す花の重荷に押されて大地に触れんばかりであった。
5.13.8	花咲くカルニカーラやキンシュカの樹々の輝きによって、その場所は四方から燃え立つかのようであった。
5.13.9	プンナーガ、サプタパルナ、チャンパカ、ウッダーラカが、深く根を張り、豊かに花を咲かせて美しく輝いていた。
5.13.10	黄金色のもの、火焔のようなもの、黒い目張りのように暗いもの——そこにはアショーカの樹が何千と立っていた。
5.13.11	ナンダナの多彩な園のごとく、あるいは美しいチャイトララタのごとく——想像を超え、天上の美しさに溢れ、栄華に包まれていた。
5.13.12	花の光の群れに彩られた第二の空のごとく、幾百もの花の宝石で飾られた第五の海のようであった。
5.13.13	あらゆる季節の花をつけた蜜の香る樹木に覆われ、様々な鳴き声の鹿や鳥が集う美しい園であった。
5.13.14	様々な香りが漂い、聖なる芳香に心地よく、香り豊かな第二のガンダマーダナ山のようであった。
5.13.15	アショーカの森の中に、猿の中の雄牛は、ほど近くに堂々としたチャイティヤの楼閣を見つけた。
5.13.16	千本の柱に支えられ、カイラーサのように白く輝き、珊瑚の階段と焼金の壇を備えていた。
5.13.17	目を奪うほどの輝きを放ち、栄光に照り映え、その高さゆえに清浄な空をかすめるかのようであった。
5.13.18	やがて——汚れた衣を纏い、羅刹の女たちに囲まれ、断食にやつれ、力なく、繰り返し溜息をつく女を見た。新月の初めの月の細い光のように清らかな女を。
5.13.19	かすかに輝く美しい光を放つその女は、煙の帳に覆い隠された炎の舌先のようであった。
5.13.20	一枚の黄色い衣だけを身につけ、それもくたびれた上等の布であった。泥にまみれ、飾りもなく、蓮なき蓮池のようであった。
5.13.21	恥じらい、悲嘆に焼かれ、萎れ、苦行する女——火星アンガーラカに苦しめられるローヒニーのようであった。
5.13.22	涙に満ちた顔、やつれた姿、食を断って痩せ細り、嘆きと瞑想に沈み、常に苦悩に身を委ねていた。
5.13.23	愛しき人の姿を見ることなく、羅刹の女たちの群れに囲まれて——仲間の群れを離れた牝鹿が犬の群れに囲まれるかのようであった。
5.13.24	一筋の青黒い蛇のような三つ編みが腰に垂れ、幸福にふさわしき人が苦悩に焼かれ、災難の果てに辿り着いた姿であった。
5.13.25	大きな目をした彼女を、一層汚れ、痩せ細った姿で仔細に見つめ、推論の証拠を積み重ねて「これがシーターだ」と判断した。
5.13.26	意のままに姿を変える羅刹に連れ去られた時に目撃された姿——その姿と同じ容貌のこの女であった。
5.13.27	満月のような顔、美しい眉、丸く豊かな乳房を持ち、その輝きですべての方角の闇を払う女神を。
5.13.28	黒い髪、ビンバの実のような唇、美しい腰つき、しっかりとした体つき——蓮の花弁のような目のシーターは、愛の神カーマの妃ラティのようであった。
5.13.29	すべての世界に愛される、満月の光のような女が、地面に細い体を横たえ、規律を守る女苦行者のように坐していた。
5.13.30	溜息ばかりの臆病な女——蛇王の妃のように。大きな悲嘆の網に覆われて輝きを失っていた。
5.13.31	煙の帳に覆われた火の舌のように。疑わしき記憶のように、地に落ちた栄華のように。
5.13.32	打ち砕かれた信仰のように、阻まれた希望のように。障害に見舞われた成就のように、濁った知性のように。
5.13.33	偽りの非難で地に落ちた名声のように。ラーマとの別離に苦しみ、羅刹による略奪にやつれた。
5.13.34	力なき鹿のような目の女が、あちこちを見回し、涙に濡れた黒い目と睫毛の、晴れぬ顔で、幾度も幾度も溜息をついていた。
5.13.35	泥と汚れにまみれ、やつれ、装飾にふさわしいのに飾りのない姿は、暗雲に覆われた星の王の光のようであった。
5.13.36	シーターを凝視するうちに、彼の理性は幾度も揺れた。復習を怠って薄れた学問のように。
5.13.37	ハヌマーンは苦心の末にシーターを認めた。飾りのない姿を——整えを失い、本来の意味から逸れた言葉のようであった。
5.13.38	大きな目をした非の打ちどころなき王女を仔細に見つめ、推論の証拠を積み重ねて「これがシーターだ」と確信した。
5.13.39	ヴァイデーヒーの体にあるとラーマが語った装飾品の数々——体を飾るべきそれらを、彼は観察した。
5.13.40	よくできた耳飾と犬牙の飾り、宝石と珊瑚をちりばめた手の装飾品を。
5.13.41	長く身につけていたために黒ずんでいたが、形はそのままであった。「ラーマが語ったものと同じだ」と彼は思った。
5.13.42	失われた装飾品は見えなかったが、失われていないものは確かにあった——疑いなく。
5.13.43	黄金の布のように輝く美しい黄色い上衣——あの時木の枝に引っかかったものを猿たちは見た。
5.13.44	最上の装飾品が地面に落ちていたのも見た——彼女が投げ落としたもので、音を立てる大きなものであった。
5.13.45	この衣は長く着続けたために一層くたびれているが、あの時の色合い、あの時の美しさと同じものだ。
5.13.46	この黄金色の肌の女こそ、ラーマの愛しき王妃。失われてもなお、あの方の心から消えることのない人。
5.13.47	この女のためにこそ、ラーマは四つの苦しみに焼かれている——憐憫と、慈悲と、悲嘆と、恋慕と。
5.13.48	女が失われたという憐憫から、頼ってきた者への慈悲から、妻を失った悲嘆から、愛しき人への恋慕から。
5.13.49	この女神の容姿と、肢体の均整美と、ラーマの容姿とが——黒い瞳のこの女こそラーマにふさわしい。
5.13.50	この女神の心はあの方にあり、あの方の心もまたこの女にある。それゆえにこそ、この女もあの法の人も、かろうじて生きながらえているのだ。
5.13.51	大腕のラーマが、この輝く女シーターと離れて、一刻たりとも生きていることこそ至難の業である。
5.13.52	かくしてシーターを見つけたパヴァナの子は歓喜に満ち、心の中でラーマのもとへ飛び、その主を讃えた。
5.14.1	讃えるにふさわしきシーターを讃え、徳に美しきラーマをも讃えた猿の雄牛は、再び深い思いに沈んだ。
5.14.2	しばし瞑想した後、涙に曇った目で、シーターの姿を前にして、力ある者ハヌマーンは嘆き始めた。
5.14.3	「長者を敬い育てられたラクシュマナの、師を愛する者の、尊ぶべき兄嫂——シーターさえもが苦悩に沈むとは、時の力はまことに超え難い」
5.14.4	「ラーマと聡明なラクシュマナの決意を知る女神は、激しく取り乱すことはない——雨季のガンガーのように」
5.14.5	「同じ品性、同じ年頃、同じ行いの、同じ家柄と吉兆を持つ者——ラーガヴァはヴァイデーヒーにふさわしく、黒い瞳のこの女はあの方にふさわしい」
5.14.6	「新しい黄金のように輝くその女を、世の栄光のような姿で見つめ、心はラーマのもとへ飛び、こう語った」
5.14.7	「この大きな目の女のために、大力のヴァーリンが討たれた。ラーヴァナに匹敵する武勇のカバンダも倒された」
5.14.8	「恐るべき力を持つ羅刹ヴィラーダも、大インドラがシャンバラを倒すがごとく、ラーマに森で討たれた」
5.14.9	「恐ろしい行いをする一万四千の羅刹が、ジャナスターナで炎のような矢によって倒された」
5.14.10	「カラも戦いで倒され、トリシラスも打ち倒され、大いなる威力のドゥーシャナも、己を知るラーマによって」
5.14.11	「ヴァーリンが守っていた猿たちの得がたい支配権を、この女のゆえにスグリーヴァは得た。世に称えられるものを」
5.14.12	「栄光ある大海をも、川々の主を、私はこの女のために跳び越えた。大きな目のこの女のために、この都も探り尽くした」
5.14.13	「もしラーマが海に囲まれた大地を覆すとしても、この女のためならば、世界そのものを動かすとしても、それはふさわしいと私は思う」
5.14.14	「三界の王権か、シーターか——ジャナカの娘か。三界の全王権をもってしても、シーターの価値の一片にも及ばない」
5.14.15	「この女こそ、法に篤き大いなるマイティラ王ジャナカの娘シーター。夫への誓いに堅き女」
5.14.16	「鋤の刃で耕された田から大地を割って現れた女。蓮の花粉のような吉祥の畑の土にまみれて」
5.14.17	「勇猛で高潔な品性を持ち、戦場で退くことなきダシャラタ王の、栄光ある長男の嫁がこの女である」
5.14.18	「法を知り、恩を知る、己を悟ったラーマの愛しき妻が、羅刹の支配下に落ちたのだ」
5.14.19	「すべての享楽を捨て、夫への愛の力ゆえに、苦難を顧みることなく人なき森へ入った女」
5.14.20	「果実と根菜に満足し、夫への奉仕に喜びを見出し、森にあっても宮殿にあるかのように最上の歓びを味わう女」
5.14.21	「黄金色の肌を持ち、常に微笑みとともに語る彼女が、この苦しみに耐えている。災難にまったく縁のなかった女が」
5.14.22	「この品性豊かな女に会いたいとラーガヴァは願っている。ラーヴァナに蹂躙された女を——渇く者が泉を求めるように」
5.14.23	「この女を再び得れば、ラーガヴァは確かに喜ぶであろう。王位を失った王が再び国を取り戻すように」
5.14.24	「愛の歓びも捨て、親しき者にも離れ、それでもなお己の体を保っている——あの方との再会を待ち望んで」
5.14.25	「この女は羅刹の女たちを見てはいない。この花や実の樹々も見ていない。心をただ一つの場所に据え、ラーマだけを見つめているのだ」
5.14.26	「夫こそ女にとって最上の装飾——装飾品にも勝る飾り。あの方を失ったこの女は、美しさにふさわしいのに輝きを失っている」
5.14.27	「この女なくして大いなるラーマが己の体を保ち、悲嘆に沈まずにいることもまた、至難の業である」
5.14.28	「黒い髪の先、蓮の花弁のような目をした、幸福にふさわしいのに不幸なこの女を見て、私の心もまた痛む」
5.14.29	「大地のように寛容で蓮のような目をした女が、ラーガヴァとラクシュマナに守られていたのに、今は歪んだ目の羅刹の女たちに囲まれ、木の根元で見張られている」
5.14.30	「霜に打たれた蓮池のように美しさを失い、次々と災難に打ちのめされ、伴侶を失ったチャクラヴァーカ鳥のように——ジャナカの娘は哀れな境遇に落ちた」
5.14.31	「花に枝先を垂らしたこのアショーカの樹は、確かに彼女に深い悲しみを与えている。冬が去り、千の光を持つ太陽が昇ったというのに」
5.14.32	かく思い定め、「これこそシーターだ」と確信した猿の中の雄牛、力ある俊足の者は、その樹に身を寄せて座った。
5.15.1	やがて月が——蓮の群れのように清らかな、自ら清浄なる月が、澄んだ空を渡り始めた。青い水の上を行く白鳥のように。
5.15.2	清い光を持つ月は、冷たい光で風の子を照らし、あたかも大臣のように仕えていた。
5.15.3	そして彼はシーターを見た。満月のような顔の女を。悲嘆の重荷に沈められ、海上で荷に押し沈む船のようであった。
5.15.4	ヴァイデーヒーを見つめたいと望むマールタの息子ハヌマーンは、その近くに恐ろしい姿の羅刹の女たちを見た。
5.15.5	一つ目の者、一つ耳の者、耳が覆いのように垂れた者、耳のない者、とがった耳の者、頭の天辺に鼻がある者。
5.15.6	巨大な頭を持つ者、細く長い首の者、髪の乱れた者、髪のない者、髪を毛布のように纏う者。
5.15.7	垂れた耳と額の者、垂れた腹と乳房の者、垂れた唇の者、顎が唇に達する者、垂れた顔の者、垂れた膝の者。
5.15.8	小人、のっぽ、せむし、歪んだ者、こびと、恐ろしい者、曲がった衣の者、黄褐色の目の者、歪んだ顔の者。
5.15.9	歪み、赤茶色で、黒く、怒りっぽく、争いを好む者たち。鉄の大槍、棍棒、鉄槌を持つ者たち。
5.15.10	猪、鹿、虎、水牛、山羊、豺の顔をした者たち。象、駱駝、馬の足を持つ者、首が地に埋まった者たち。
5.15.11	一本の手に一本の足の者、驢馬や犬の耳を持つ者、牛や象や猿の耳を持つ者たち。
5.15.12	鼻のない者、巨大な鼻の者、横に曲がった鼻の者、鼻を欠いた者、象のような鼻の者、額に鼻が突き出た者。
5.15.13	象の足、巨大な足、牛の足、とがった足の者。度を超した大きさの頭と首、度を超した乳房と腹の者たち。
5.15.14	度を超した大きさの口と目、長い舌と爪の者。山羊、象、牛、豚の顔をした者たち。
5.15.15	馬、駱駝、驢馬の顔をした恐ろしい姿の羅刹の女たち。槍と鉄槌を手に持ち、怒りっぽく争いを好む者たち。
5.15.16	恐ろしい灰色の髪で歪んだ顔の羅刹の女たち。常に酒を飲み、肉と酒を好む者たち。
5.15.17	肉と血に体を塗り、肉と血を食う者たち——身の毛もよだつ姿のそれらを猿の中の最上者は見た。
5.15.18	太い幹の樹木を囲むように座り、その下に非の打ちどころなき女神、王女がいた。
5.15.19	幸運を持つハヌマーンは、ジャナカの娘を見極めた。輝きを失い、悲嘆に焼かれ、髪は汚れてもつれていた。
5.15.20	功徳の尽きた者のように、天から落ちた星のように。品行方正な家柄を誇りながらも、夫に会えぬ不幸に沈んでいた。
5.15.21	最上の装飾品を奪われながらも、夫の愛情という飾りを身に纏い。羅刹の王に閉じ込められ、親族から引き離されていた。
5.15.22	群れから離され、獅子に囲まれ、捕らわれた雌象のように。雨季の終わりの秋雲に覆われた月の細い光のように。
5.15.23	長く使われず触れられていないヴァッラキー琴のように——くたびれた姿のシーターは。夫の利益に身を捧げながら、羅刹の支配に屈せられていた。
5.15.24	アショーカの森の中で悲嘆の海に沈み、羅刹の女たちに囲まれた女神を——星々に囲まれたローヒニーのように——ハヌマーンは見た。花の咲かぬ蔓のようであった。
5.15.25	泥に汚れた体でありながら、その姿そのものが飾りであった。泥にまみれた蓮の茎のように、輝きながらも輝かず。
5.15.26	汚れたくたびれた衣に包まれた、鹿の子のような目をした美女を、猿のハヌマーンは見た。
5.15.27	憂いの表情を浮かべながらも、夫の威光ゆえに気高さを失わぬ女神。己の品性によって守られた黒い瞳のシーターを。
5.15.28	鹿の子のような目をしたシーターを見た。怯えた若い牝鹿のように、四方を見回していた。
5.15.29	溜息の熱で若葉をつけた樹木すら焼くかのようであった。悲嘆の塊のように、苦悩の波が立ち上がるかのようであった。
5.15.30	やつれてはいるが均整のとれた肢体を持ち、飾りなくとも美しい彼女を。
5.15.31	マイティリーを見て、マールティは比類なき歓喜を得た。酔うような美しい目をしたその女を見て、歓喜の涙を流し、ラーガヴァに礼拝した。
5.15.32	ラーマとラクシュマナに礼拝した勇者ハヌマーンは、シーターを見つけた歓喜に包まれ、身を潜めた。
5.16.1	花咲く樹木の森を見回し、ヴァイデーヒーを捜しながら、夜の残りはわずかとなった。
5.16.2	夜の更けた頃、ブラフマー羅刹たちの——六支のヴェーダに通じ、最上の祭祀を行う者たちの——ブラフマーの聖句の唱和を聞いた。
5.16.3	やがて吉祥の楽器の、耳と心を喜ばせる音が響き、大腕にして大力の十首のラーヴァナが目覚めた。
5.16.4	時に応じて目覚めた羅刹王は、花環と衣が乱れたまま、ヴァイデーヒーのことを思い浮かべた。
5.16.5	彼女への激しい愛欲に駆り立てられ、狂おしいほどに——羅刹はその欲望を心中に隠すことができなかった。
5.16.6	あらゆる装飾品を身につけ、この上ない栄華を帯びて、様々な花と実をつける樹木に満ちた園へと向かった。
5.16.7	蓮池が点在し、様々な花で飾られ、常に酔った鳥たちが彩る、色鮮やかで驚嘆すべき園へ。
5.16.8	様々な獣が群れ、目と心を楽しませ、宝石と黄金の門楼が連なる通りを眺めながら。
5.16.9	様々な獣に溢れ、落ちた果実に覆われた、樹木が密に茂るアショーカの森に入った。
5.16.10	百人ほどの女たちが彼に随行した。パウラスティヤのもとへ、大インドラのもとへ向かう天女やガンダルヴァの娘たちのように。
5.16.11	黄金の燈火を持つ女、払子を手にする女、ターラの扇を持つ女もいた。
5.16.12	黄金の水差しで水を前方に運ぶ女もおり、丸い先端の剣を手に後ろに続く女もいた。
5.16.13	ある美女は、宝石をちりばめた酒杯を右手で巧みに持っていた。
5.16.14	王の白鳥のように白い傘を——満月の光を放つ黄金の柄のものを——別の女が持って後に続いた。
5.16.15	眠りと酔いに半ば閉じた目のラーヴァナの最上の妻たちが、勇者たる夫に従った。稲妻が雲に従うように。
5.16.16	やがて猿、マールタの息子は、最上の女たちの腰帯と足環の響きを聞いた。
5.16.17	比類なき行いをなし、計り知れぬ力と勇気を持つその者が、入口に近づくのをハヌマーン猿は見た。
5.16.18	幾つもの燈火に四方を照らされ、香油を注いだ灯が前方に掲げられていた。
5.16.19	欲望と傲慢と酔いに満ち、斜めの赤く細長い目をした——弓を捨てたカーマ神が目の前にいるかのようであった。
5.16.20	甘露の泡のように白い、塵なき最上の衣を戯れに引きずりながら、腕輪に引っかかったまま歩いていた。
5.16.21	枝葉に身を潜め、葉と花の茂みに隠れたハヌマーンは、近づいてくるその者をじっと見つめ始めた。
5.16.22	見回す猿の象は、ラーヴァナの美しく若さに溢れた妻たちを見た。
5.16.23	美しい女たちに囲まれた大いなる栄光の王は、鹿と鳥が鳴く歓楽の園に入った。
5.16.24	酔って様々な装飾を身につけた大力の尖った耳の者——ヴィシュラヴァスの子、羅刹の王をハヌマーンはそこに見た。
5.16.25	最上の女たちに囲まれた姿は、星々に囲まれた月のようであった。大いなる威力の大猿は、威力に満ちたその者を見た。
5.16.26	「これがかの大腕のラーヴァナだ」と猿は確信し、大いなる威力のマールタの息子ハヌマーンは身を縮めた。
5.16.27	激しい威光を持つ彼ではあったが、ラーヴァナの威光に圧倒され、葉の奥深くに隠れて身を潜めた。
5.16.28	黒い髪の先、美しい腰、豊かな乳房の、黒い目尻の彼女を見たいと、ラーヴァナは近づいた。
5.17.1	まさにその時——非の打ちどころなき王女は、容姿と若さに恵まれ、最上の装飾品で飾られた者を見た。
5.17.2	ヴァイデーヒーは、羅刹の王ラーヴァナを見るや、風に揺れるバナナの木のように身を震わせた。
5.17.3	両腿で腹を隠し、両腕で乳房を覆い、大きな目の美しい女は座ったまま泣いていた。
5.17.4	十首のラーヴァナは、羅刹の女たちに守られたヴァイデーヒーを見た。力なく、苦悩に沈み、海で沈みゆく船のようであった。
5.17.5	むき出しの地面に座り、堅い誓いを守る女。大樹から切り落とされて地に落ちた枝のように。泥を装飾のように塗り、飾るにふさわしいのに飾りのない姿。
5.17.6	王の中の獅子、己を知るラーマのもとへ、願望という馬に繋がれた心の車で駆けゆかんとする女。
5.17.7	干からび、独り泣き、瞑想と悲嘆に身を委ね、苦しみの終わりを見いだせぬ——ラーマを慕うラーマの女。
5.17.8	蛇の王の妃のようにのたうち回り、彗星という惑星に苛まれるローヒニーのように煙で燻されていた。
5.17.9	礼儀正しい家に生まれ、作法と法の道に育った女が、再び試練を課され——まるで卑しい家に生まれ落ちたかのようであった。
5.17.10	萎えた大いなる名声のように、侮辱された信仰のように、尽きた知恵のように、阻まれた希望のように。
5.17.11	崩壊した予見のように、退けられた命令のように、季節外れに燃える方角のように、奪われた供物のように。
5.17.12	荒らされた蓮池のように、勇者を失った軍のように、苦行に消された光輝のように、干上がった河のように。
5.17.13	穢された祭壇のように、鎮まった炎の舌のように、ラーフに呑まれた月の円の満月の夜のように。
5.17.14	蓮を引き抜かれ、鳥を怯えさせられ、象の鼻でかき乱された蓮池のように。
5.17.15	夫への悲嘆にやつれ、干からびた、水の涸れた川のように。最上の美しさを奪われた、闇夜のクリシュナ半月の夜のように。
5.17.16	柔肌で美しい肢体の、宝石の間にこそふさわしい女が、掘り出されたばかりの蓮の茎が暑さに焼かれるように苦しんでいた。
5.17.17	柱に捕らえられて締めつけられ、群れの長から引き離され、深い苦悩に溜息をつく象の王の妃のように。
5.17.18	一筋の長い三つ編みが努力なく飾り、雨季が去った後の大地を飾る青い森の帯のようであった。
5.17.19	断食と悲嘆と瞑想と恐怖によって衰え、痩せ、力なく、わずかな食事で、苦行に富む女。
5.17.20	苦悩に沈み、合掌して神に祈るかのようであった。心の中ではラグ族の長の勝利と十首の者の敗北を信じて。
5.17.21	見つめ、泣き、非の打ちどころなく、美しい睫毛の赤く細長い白い目を持つ——ラーマに忠実なマイティリーを、ラーヴァナはその破滅のために誘惑しようとした。
5.18.1	哀れで喜びもなく苦行する彼女に囲まれた女に、ラーヴァナは身振りを交えた甘い言葉で語りかけた。
5.18.2	「私を見て、蛇のように太腿の間に腹と乳房を隠すのか。お前は恐れのあまり自分を消し去りたいのだろう」
5.18.3	「大きな目よ、私はお前を欲している。愛しき者よ、私を敬え。すべての肢体に美徳を備え、すべての世界を魅了する者よ」
5.18.4	「ここには人間も、姿を変える羅刹もいない。シーターよ、私から生じた恐れを去らせよ」
5.18.5	「臆病な者よ、羅刹の法とはこうだ——疑いなく。他人の妻のもとへ行くことも、力ずくで奪い去ることも」
5.18.6	「だが、マイティリーよ、たとえそうであっても、望まないお前に私は触れない。欲望が私の体の中で好きなように暴れるがままにさせよう」
5.18.7	「女神よ、ここに恐れることはない。愛しき者よ、私を信じよ。心を開いて真実を語れ。悲嘆に溺れたままでいるな」
5.18.8	「一本の三つ編み、地面の寝床、瞑想、汚れた衣、場違いな断食——これらはお前にふさわしくない」
5.18.9	「色とりどりの花環、白檀と沈香、様々な衣と天上の装飾品を」
5.18.10	「高価な飲み物、乗り物、寝台、歌と舞と楽——私を得て、これらすべてを手に入れよ、マイティリーよ」
5.18.11	「お前は女の宝だ。こんな有り様でいるな。体に装飾品を飾れ。私を得て、美しい体のお前がどうしてふさわしくないことがあろうか」
5.18.12	「この美しく生まれた若さは過ぎ去ってゆく。過ぎ去ったものは二度と戻らない。水の急流のように」
5.18.13	「お前を造って、かの世界の創造主は仕事を終えたのだと私は思う。美しき者よ、お前に匹敵する容姿の女は他にいない」
5.18.14	「容姿と若さに輝くお前を前にして、ヴァイデーヒーよ、どんな男が通り過ぎることができようか。たとえブラフマー神自身であっても」
5.18.15	「お前の肢体のどこを見ても、月のように美しい顔よ、広い腰よ、そこに私の目は釘付けになる」
5.18.16	「マイティリーよ、我が妻となれ。この迷いを捨てよ。多くの最上の女たちの中の第一の王妃となれ」
5.18.17	「臆病な者よ、諸世界から力ずくで集めた宝のすべてをお前に与えよう。この王国も、そして私自身も」
5.18.18	「様々な都で飾られた全大地を征服し、お前のためにジャナカに献上しよう、艶やかな女よ」
5.18.19	「この世に私に対抗できる者は見当たらない。私の偉大なる武勇を見よ——戦場で敵なき力を」
5.18.20	「何度も戦いで打ち破られ、旗を踏みにじられ、神々もアスラも私の前に立つことができなかった」
5.18.21	「私を望め。今日こそお前に最上の化粧を施そう。輝く装飾品をその体に飾らせよ。化粧を施されたお前の姿を見たいのだ」
5.18.22	「美しい顔よ、化粧を施され、優雅に——思いのままに歓楽を享受し、臆病な者よ、飲め、楽しめ。好きなだけ大地や財を与えよ」
5.18.23	「安心して私に戯れ、大胆に命じよ。私の力によりお前が楽しめば、お前の親族もまた楽しむだろう」
5.18.24	「私の栄華を見よ、幸ある者よ、私の栄光と名声を。樹皮の衣を纏うあの哀れなラーマに何ができるというのか」
5.18.25	「勝利を捨て、栄光を失い、森をさまよう苦行者——地面に寝るラーマが生きているかどうかすら怪しい」
5.18.26	「ヴァイデーヒーよ、ラーマにはお前を見ることも手に入れることもできまい。黒い雲に覆い隠された月光のように」
5.18.27	「ラーガヴァが私の手からお前を取り戻すことはできない。ヒラニヤカシプがインドラの手にある栄光を取り戻せなかったように」
5.18.28	「美しい微笑み、美しい歯、美しい目の艶やかな女よ。お前は私の心を奪う——ガルダが蛇を奪うように」
5.18.29	「くたびれた絹の衣を纏い、痩せ、飾りもないお前を見れば——自分の妻たちへの情熱がまったく湧かなくなるのだ」
5.18.30	「後宮に住むすべての美徳を備えた妻たち——ジャーナキーよ、私のすべての女たちの上に君臨せよ」
5.18.31	「黒い髪よ、三界で最も優れた女たちが私のものだ。彼女たちがお前に仕えるだろう——天女がラクシュミーに仕えるように」
5.18.32	「美しい眉よ、ヴァイシュラヴァナが持つ宝と富の数々——それらも、諸世界も、美しい腰よ、私も——心ゆくまで享受せよ」
5.18.33	「女神よ、ラーマは苦行においても、力においても、武勇においても、富においても、威光や名声においても、私に並ぶことはできない」
5.18.34	「飲め、戯れ、楽しめ、歓楽を味わえ。財の山も大地も与えよう。艶やかな女よ、私に戯れ、思いのままに。お前の親族もお前とともに楽しむがよい」
5.18.35	「花咲く樹木の列が連なる、蜜蜂の集う海辺の園を——黄金の清らかな首飾りで飾られた体で、臆病な者よ、私とともに歩き回れ」
5.19.1	残忍な羅刹のその言葉を聞いたシーターは、苦悩し、弱々しい声で、力なく、ゆっくりとこう答えた。
5.19.2	苦悩に泣き、震え、苦行する美しき女は、夫だけを思い、貞節を守る妻であった。
5.19.3	一本の草を自分と彼の間に置き、清らかな微笑みの女はこう答えた。「私から心を離せ。自分の妻に心を向けよ」
5.19.4	「罪人が成就を望むように、お前が私を求めるのはふさわしくない。一人の夫を持つ女として、聖なる家柄に嫁ぎ、大いなる家に生まれた者として、非難されるべき行いを私はしない」
5.19.5	栄光あるヴァイデーヒーはラーヴァナにこう言い、羅刹に背を向けてさらに語った。
5.19.6	「私はお前にふさわしい妻ではない。他人の妻なのだ。正しく法を見つめよ。正しく善き誓いを行え」
5.19.7	「お前の妻が守られるべきであるように、他の者の妻もまた同じだ、夜の住人よ。自分自身を基準にして、自分の妻で満足せよ」
5.19.8	「自分の妻に満足せず、軽薄で、感覚を制御できぬ者——そのような邪知の者を、他人の妻は破滅に導く」
5.19.9	「ここに善き者がいないのか、いてもお前が従わないのか。偽りの心を持つ者よ、賢者たちが語る益ある言葉を」
5.19.10	「己を修めぬ王、不正を好む王の下では、栄える国も都も滅びる」
5.19.11	「同様にこのランカーも、宝の山に溢れていても、お前一人の罪ゆえに、遠からず滅びるであろう」
5.19.12	「自らの行いによって滅ぼされるラーヴァナ——先を見通せぬ邪悪な行いの者の滅亡を、生き物たちは喜ぶだろう」
5.19.13	「『因果応報でこの恐ろしい者が災難に遭った』と、お前に虐げられた人々は歓喜してそう言うだろう、邪悪な行いの者よ」
5.19.14	「権勢でも財でも私を誘惑することはできない。ラーガヴァから離れぬ私は、太陽から離れぬ光のようなもの」
5.19.15	「世界の守護者であるあの方の、敬われた腕に寄り添った私が、どうして他の誰かの腕に寄り添えようか」
5.19.16	「私はかの大地の主にこそふさわしい妻。己を悟ったバラモンにとっての、入門の沐浴を終えた後のヴェーダの学びのように」
5.19.17	「善きラーヴァナよ、苦しむ私をラーマのもとに連れ帰れ。森の雌象とともにいる象の王のもとへ、雌象を返すように」
5.19.18	「居場所を望み、恐ろしい殺戮を避けたいのなら、ラーマを友とするのがふさわしい。あの人の中の雄牛を」
5.19.19	「放たれたヴァジュラは避けられようか。死の神も長くは避けられようか。だが怒ったかの世界の主ラーガヴァは、お前のような者を決して見逃すまい」
5.19.20	「お前はまもなく聞くだろう——ラーマの弓の轟音を。インドラが放った雷鳴のような、恐ろしい音を」
5.19.21	「ここに間もなく、燃える口の蛇のような鋭い矢が降り注ぐ。ラーマとラクシュマナの印を帯びた矢が」
5.19.22	「鷲の羽をつけた矢がこの都の至る所で羅刹を滅ぼし、逃げ場なきまでに追い詰めるだろう」
5.19.23	「偉大なラーマというガルダが、羅刹王という大蛇を——ヴァイナテーヤが蛇を引き上げるがごとく、勢いよく引き上げるであろう」
5.19.24	「敵を打ち砕く我が夫は、お前から速やかに私を取り戻すだろう。ヴィシュヌが三歩でアスラから輝かしき栄光を取り戻したように」
5.19.25	「ジャナスターナで羅刹の軍勢が倒された後、力なきお前が羅刹よ、なしたこの行いは卑劣なものだ」
5.19.26	「あの二人の人中の獅子の留守の庵に忍び込み、兄弟が狩りに出た隙に私を攫ったのだ、卑劣者よ」
5.19.27	「ラーマとラクシュマナの気配を嗅ぎ取っただけで、お前は彼らの前に立つことすらできないだろう。虎の前の犬のように」
5.19.28	「お前があの二人と戦えば、ヴリトラがインドラの腕に捕まったように、一方の腕だけでお前は抑え込まれるだろう」
5.19.29	「我が夫ラーマは、ソウミトリとともに、わずかな水を太陽が干上がらせるように、速やかにお前の命を矢で奪うだろう」
5.19.30	「クベーラの山に逃げようと、ヴァルナ王の宮殿に逃げようと、疑いなくダーシャラティから逃れることはできない。時に打たれた大樹が雷から逃れられぬように」
5.20.1	シーターの荒々しい言葉を聞いた羅刹の王は、美しい顔のシーターに不快な言葉で答えた。
5.20.2	「女というものは、宥めれば宥めるほど男を支配し、好かれる言葉を語れば語るほど蔑むものだ」
5.20.3	「お前に対する情欲が、湧き上がる怒りを抑えている。道を逸れて走る馬を名御者が制するように」
5.20.4	「欲望とは気まぐれなもの。惹かれた相手にこそ、哀れみと愛情が生まれるものだ」
5.20.5	「それゆえにこそ、美しい顔よ、死に値し、辱めに値し、偽りの苦行を喜ぶお前を、私は殺さないのだ」
5.20.6	「お前が私に浴びせる荒々しい言葉の一つ一つに対して、マイティリーよ、残酷な死が相応しいのだが」
5.20.7	怒りと興奮に駆られたラーヴァナは、ヴァイデーヒーにこう言い放ち、シーターにさらに最後通告を突きつけた。
5.20.8	「私が定めた期限のうち、あと二ヶ月、お前は猶予を与えられる。その後、美しい女よ、お前は私の寝台に上がるのだ」
5.20.9	「二ヶ月を過ぎても私を夫として受け入れぬなら、朝の食事のためにお前を厨房で料理させるぞ」
5.20.10	羅刹王に脅されるジャーナキーを見て、大きな目の天女やガンダルヴァの娘たちは悲嘆に沈んだ。
5.20.11	唇の動きで、目や顔の表情で、あの者たちはシーターを慰めた。羅刹に脅された彼女を。
5.20.12	彼女たちに慰められたシーターは、羅刹の王ラーヴァナに対し、己の利となる言葉を、品行と勇気に満ちた誇りをもって語った。
5.20.13	「きっとお前の身近には、お前の真の利益を考える者が一人もいないのだ。この非難されるべき行いからお前を止める者が」
5.20.14	「法に篤きラーマの妻、シャチーパティのシャチーのような私を——三界においてお前以外の誰が心の中でさえ求めようか」
5.20.15	「羅刹の最低の者よ、計り知れぬ威光のラーマの妻に対してお前が語った邪悪な言葉——その報いからどこへ逃れるのか」
5.20.16	「誇り高い象と兎が森で並ぶように——ラーマは象のごとく、卑しきお前は兎にすぎない」
5.20.17	「お前はイクシュヴァーク族の主を侮りながら恥じぬのか。あの方の目の前にさえ、お前はまだ立ったことがないのだ」
5.20.18	「この醜く歪んだ赤茶色のお前の両目は、なぜ地に落ちないのか——高貴ならざる目で私を見つめておきながら」
5.20.19	「あの法に篤き方の妻、ダシャラタの嫁に対して語りかけるお前の舌は、邪悪な者よ、なぜ朽ちないのか」
5.20.20	「ラーマの命令がないこと、そして苦行を守り続けることゆえに、十首の者よ、灰にされるに値する威光のお前を私は灰にしないのだ」
5.20.21	「聡明なラーマから私を奪うことは不可能だ。お前の死のために運命が定めたことだ——疑いない」
5.20.22	「財の神の兄弟として勇猛で、軍勢を備えているのに、なぜラーマを退けて妻の窃盗をしたのか」
5.20.23	シーターの言葉を聞いた羅刹の王ラーヴァナは、残忍な目を剥いてジャーナキーを睨みつけた。
5.20.24	青黒い雲のような姿、太い腕と首、獅子の力と歩み、栄光に満ち、燃える舌と恐ろしい目を持つ者。
5.20.25	揺れる冠を頂き、背が高く、色とりどりの花環と塗香を纏い、赤い花環と衣を身につけ、焼金の腕輪で飾られた者。
5.20.26	腰に大きな帯を巻き、立派な腰布で覆われ——甘露の攪拌で巻きついた蛇に覆われたマンダラ山のように。
5.20.27	朝日のように輝く二つの耳飾で飾られ、赤い葉と花をつけた二本のアショーカ樹を持つ山のようであった。
5.20.28	怒りに目を赤く染めてヴァイデーヒーを睨みつけ、蛇のように荒い息を吐きながら、ラーヴァナはシーターに言った。
5.20.29	「不幸に見舞われ、利を失い、身勝手な誓いに従う——お前を今日、太陽が夕暮れを消し去るように、私は消し去ろう」
5.20.30	ラーヴァナ王、敵を泣かせる者はマイティリーにそう言い放ち、恐ろしい姿の羅刹の女たちすべてに命じた。
5.20.31	一つ目の者、一つ耳の者、耳が覆いの者、牛耳の者、象耳の者、垂れ耳の者、耳なしの者。
5.20.32	象足の者、犬足の者、牛足の者、尖り足の者、一つ目の者、一本足の者、幅広い足の者、足なしの者。
5.20.33	巨大な頭と首の者、巨大な乳房と腹の者、巨大な口と目の者、長い舌の者、舌なしの者、鼻なしの者、獅子面の者、牛面の者、豚面の者に。
5.20.34	「シーターが速やかに私の意に従うジャーナキーとなるよう、羅刹の女たちよ、皆で速やかにそうせよ」
5.20.35	「懐柔と逆撫で、宥めとすかしとその他の手段で、ヴァイデーヒーの心を変えさせよ。罰の威嚇をもって」
5.20.36	羅刹王はかく繰り返し命じ、欲望と怒りに心を支配されたまま、ジャーナキーをさらに脅した。
5.20.37	やがてダーニヤマーリニーという羅刹の女が素早く近づき、十首の者を抱きしめてこう言った。
5.20.38	「大王よ、私と遊びなさい。このシーターに何の用がありましょう。望まぬ女を欲すれば体が焼かれるだけ。望む女を欲してこそ、美しい歓びが生まれるのです」
5.20.39	羅刹の女にそう言われ、力ある者は気を取り直し、燃える太陽のように輝く館へと入っていった。
5.20.40	天女やガンダルヴァの娘、ナーガの娘たちが十首の者を取り囲み、その最上の館に入った。
5.20.41	法に堅く佇み、震えるマイティリーを脅した後、ラーヴァナはシーターを置き去りにし、情欲に惑ったまま、輝く自らの館に戻った。
5.21.1	ラーヴァナ王がマイティリーにそう言い放ち、すべての羅刹の女たちに命じて去っていった。
5.21.2	羅刹王が去り、再び後宮に戻ると、恐ろしい姿の羅刹の女たちがシーターに殺到した。
5.21.3	怒りに駆られた羅刹の女たちがシーターに迫り、極めて荒々しい言葉でヴァイデーヒーにこう言った。
5.21.4	「パウラスティヤの最も優れた者、大いなるラーヴァナ、十首の者の妻となることを、シーターよ、大したことではないと思うのか」
5.21.5	やがてエーカジャターという羅刹の女が、怒りに赤い目で、痩せた腹のシーターに呼びかけて言った。
5.21.6	「六人のプラジャーパティの四番目の者、ブラフマーの心から生まれた息子——プラスティヤとして知られる者がいる」
5.21.7	「プラスティヤの輝かしき息子、心から生まれた大聖仙——その名はヴィシュラヴァス、プラジャーパティに等しい光を持つ者」
5.21.8	「大きな目よ、その息子がラーヴァナ、敵を泣かせる者だ。その羅刹王の妻となるのがふさわしいのだ。美しい肢体よ、なぜ私の言葉を受け入れないのか」
5.21.9	次にハリジャターという羅刹の女が、怒りに目を剥き、猫のような目をして語った。
5.21.10	「三十三天の神々と神々の王を打ち破った者——その羅刹王の妻となるのがふさわしい」
5.21.11	「武勇に誇り、勇猛で、戦場で退くことなく、力と武勇に満ちた者の妻となることを、なぜ望まないのか」
5.21.12	「大いなる力の王は、愛し大切にするすべての妻を捨て、すべての中で最も幸あるお前のもとにラーヴァナは来るだろう」
5.21.13	「千人の妻による繁栄の後宮を、様々な宝で飾られた後宮を捨てて、お前のもとにラーヴァナは来るだろう」
5.21.14	「幾度も戦いで神々、ナーガ、ガンダルヴァ、ダーナヴァを打ち破った者が、お前の傍に来ているのだ」
5.21.15	「あらゆる富に溢れる大いなるラーヴァナの——なぜ羅刹王の妻となることを望まないのか、卑しき者よ」
5.21.16	「恐れて太陽が照りつけず、恐れて風が吹かぬ者——細長い目の女よ、なぜその者のもとに従わないのか」
5.21.17	「恐れて樹木は花の雨を降らせ、美しい眉よ、山は水を出し、雲は望みのままに」
5.21.18	「羅刹の国の王、王の中の王——美しき女よ、なぜラーヴァナの妻となる決意をしないのか」
5.21.19	「女神よ、真実からお前に語った。美しき女よ、よい言葉だ。美しい微笑みよ、この言葉を受け入れよ。さもなくば、お前は存在しなくなるであろう」
5.22.1	やがて歪んだ顔の羅刹の女たちが、荒々しく、荒々しい女たちが、不快な荒い言葉をシーターに浴びせた。
5.22.2	「シーターよ、すべての生き物の心を奪う後宮で、最上の寝台に、なぜお前は住もうとしないのか」
5.22.3	「人間の女が人間の夫であることを尊ぶとは。ラーマから心を離せ。お前がラーマのものになることは決してない」
5.22.4	「美しい者よ、人間の女がその人間のラーマを——王位を失い、目的を果たせず、怯えたあの者を望むとは、非の打ちどころなき者よ」
5.22.5	羅刹の女たちの言葉を聞いた蓮の目のシーターは、涙に満ちた両目でこう語った。
5.22.6	「皆で口を揃えて語るその世に忌み嫌われる言葉——そのような罪深い言葉は、私の心には留まらない」
5.22.7	「人間の女が羅刹の妻となるのはふさわしくない。皆で私を食うがよい。お前たちの言葉に従うことはない。落ちぶれようと王位を失おうと、我が夫こそ我が師である」
5.22.8	シーターの言葉を聞いた羅刹の女たちは、怒りに逆上し、ラーヴァナに命じられたまま荒い言葉で脅した。
5.22.9	シンシュパーの樹に身を潜め、声を殺したハヌマーンは、シーターを脅す羅刹の女たちの言葉を聞いていた。
5.22.10	激昂して四方から震える彼女に迫り、垂れ下がる唇を大きく舐め回した。
5.22.11	極度に怒り、斧を振りかざしてこう叫んだ。「この女は、羅刹の王にして支配者たるラーヴァナの妻にふさわしくないとでもいうのか」
5.22.12	恐ろしい羅刹の女たちに脅される美しい顔の女は、涙を拭いながらあのシンシュパーの樹に近づいた。
5.22.13	羅刹の女たちに囲まれた大きな目のシーターは、シンシュパーの樹のもとに辿り着き、悲嘆に沈んで佇んだ。
5.22.14	やつれ、憂いの表情で、汚れた衣を纏う彼女を、恐ろしい羅刹の女たちが四方から脅し続けた。
5.22.15	やがてヴィナターという恐ろしい容貌の羅刹の女が、怒りの形相で、恐ろしく、くびれた腹の姿で語った。
5.22.16	「シーターよ、夫への忠誠はもう十分に示した。どんなことでもやりすぎれば災いとなる、善き者よ」
5.22.17	「満足している。お前に幸いあれ。人間の道はもう果たした。しかしマイティリーよ、私が益ある言葉を語っている間に、従うがよい」
5.22.18	「ラーヴァナを夫として迎えよ——すべての羅刹の主たる夫を。勇猛で美しく、神々の王ヴァーサヴァのような者を」
5.22.19	「情け深く、施しを好み、すべての者に親しく語る者を。哀れな人間のラーマを捨てて、ラーヴァナに頼れ」
5.22.20	「天上の化粧品を身に纏い、ヴァイデーヒーよ、天上の装飾品で飾られ、今日よりすべての世界の女主人となれ。アグニ神にとってのスヴァーハー女神のように、インドラにとってのシャチーのように、美しき者よ」
5.22.21	「ヴァイデーヒーよ、哀れで命の尽きかけたラーマに何ができようか」
5.22.22	「私が語ったこの言葉に従わなければ、今この瞬間にも、我々全員でお前を食い殺すぞ」
5.22.23	やがてヴィカターという別の羅刹の女が——垂れた乳房の者が——怒り、拳を振り上げて吠えながらシーターに言った。
5.22.24	「愚かな者よ、数多くのふさわしくない言葉を、我々は慈悲と寛容から耐えてきた、マイティリーよ。だがお前は、時を見た益ある我々の言葉に従わない」
5.22.25	「海の向こう側——他の者には渡れぬ所から連れてこられ、ラーヴァナの恐ろしい後宮に入ったのだ、マイティリーよ」
5.22.26	「ラーヴァナの館に閉じ込められ、我々に厳重に守られている。プランダラ神自身でさえ、お前を救うことはできない」
5.22.27	「益ある忠告をする私の言葉に従え、マイティリーよ。涙を流すのはもうやめよ。無意味な悲嘆を捨てよ」
5.22.28	「喜びと歓楽を知れ。この常なる悲惨さを捨てよ。シーターよ、羅刹の王とともに思いのままに戯れよ」
5.22.29	「臆病な者よ、女の若さが儚いことは知っているだろう。それが過ぎ去らぬうちに、幸福を味わうがよい」
5.22.30	「美しい園や山の林を、羅刹の王とともに歩き回れ、酔うような目の女よ」
5.22.31	「七千人の女たちがお前に従うだろう、美しき者よ。ラーヴァナを夫として迎えよ——すべての羅刹の主たる夫を」
5.22.32	「マイティリーよ、お前の心臓を引き抜いて食ってやろうか。私が語った言葉に、お前がその通りに従わなければ」
5.22.33	やがてチャンドーダリーという残忍な容貌の羅刹の女が、大きな槍を振り回しながらこう言った。
5.22.34	「この鹿のような目をした女を見た時——恐怖に乳房が震える姿でラーヴァナに連れてこられた姿を見た時——私の中に大きな飢えが生まれた」
5.22.35	「肝臓も脾臓も、臓腑も心臓もそのつながりも、腸も、そして頭も——食ってやりたいと思ったのだ」
5.22.36	やがてプラガサーという羅刹の女が言った。「この残忍な女の首を絞めよう。何をぐずぐずしているのか」
5.22.37	「それから王に『あの人間の女は死にました』と報告しよう。疑いはない——『食え』と王は仰るだろう」
5.22.38	やがてアジャームキーという羅刹の女が言った。「この女を切り分けて、皆に等しくピールカの肉団子にしよう」
5.22.39	「それから皆で分けよう。争いはごめんだ。酒を速やかに運べ。様々な花環もたくさん」
5.22.40	やがてシュールパナカーという羅刹の女が言った。「アジャームキーの言う通り、私もそれがよいと思う」
5.22.41	「酒も速やかに運べ——すべての悲しみを消す酒を。人間の肉を前にして、ニクンビラーの聖地で踊ろう」
5.22.42	かくも恐ろしい羅刹の女たちに脅され、天女にも比すべきシーターは、気丈さを捨てて泣いた。
5.23.1	かくも不快な羅刹の女たちの荒く恐ろしい多くの言葉が続く中、ジャナカの娘は泣いた。
5.23.2	かく言われたヴァイデーヒーは、思慮深き女であったが、極度の恐怖に震え、涙に詰まった声でこう語った。
5.23.3	「人間の女が羅刹の妻となるのはふさわしくない。皆で私を食うがよい。お前たちの言葉には従わない」
5.23.4	羅刹の女たちの中に置かれ、天女にも等しいシーターは、安らぎを得られなかった。苦悩に沈み、ラーヴァナにも脅されて。
5.23.5	シーターは激しく震えていた。まるで体の中に沈み込むかのように。森で群れから離れ、狼に追い詰められた牝鹿のように。
5.23.6	花咲くアショーカの樹の大きな枝につかまり、心を打ち砕かれて、悲嘆のうちに夫を思った。
5.23.7	豊かな乳房を目の涙で濡らしながら、物思いに沈み、悲しみの果てを見出すことができなかった。
5.23.8	風に倒れたバナナの木のように、羅刹の女たちへの恐怖に震え、顔色を失った。
5.23.9	震える彼女の、長く太い三つ編みは、ゆらゆらと動き、這う蛇のように見えた。
5.23.10	溜息をつき、苦悩に沈み、悲嘆に心を打ちのめされたマイティリーは、苦しみの涙を流し、嘆き始めた。
5.23.11	「ああラーマよ」と苦悩に叫び、「ああラクシュマナよ」と。「ああ姑のカウサリヤーよ。ああスミトラーよ」と感情をあらわにした。
5.23.12	「世間の諺は正しい——賢者たちが語ったように。時が来なければ死は訪れない、女にも男にも」
5.23.13	「ここでこの残忍な羅刹の女たちに苦しめられ、ラーマを失った私が、一瞬でも苦悩しながら生きているのだから」
5.23.14	「この薄運で哀れな私は、身寄りなく滅びゆくだろう。嵐に打たれた、大海の真中の満載の船のように」
5.23.15	「夫の姿も見えず、羅刹の女たちの支配に落ちて——水に崩される岸のように、私は沈んでゆく」
5.23.16	「蓮の花弁のような目をし、獅子のように勇壮に歩む我が主——恩を知り、親しく語る方を見ることのできる者は幸いだ」
5.23.17	「己を知るラーマと別れた私にとって、毒を味わうように、命を保つことは困難だ」
5.23.18	「前世でどのような罪を私は犯したのか。この恐ろしく残酷な苦しみを受けるとは」
5.23.19	「大いなる悲嘆に包まれ、命を捨てたいと願う。羅刹の女たちに守られていては、ラーマにたどり着くことはできない」
5.23.20	「呪わしきは人間であること。呪わしきは他者の支配に屈すること。自分の意志で命を捨てることすらできないとは」
5.24.1	涙に濡れた顔でこう語るジャナカの娘は、うつむいた若い女として、嘆き始めた。
5.24.2	狂った者のように、酔った者のように、心を乱した者のように悲しみ、若い馬のように身をよじりながら大地に倒れた。
5.24.3	「油断なきラーガヴァから、意のままに姿を変える羅刹ラーヴァナに、叫ぶ私は力ずくで攫われた」
5.24.4	「羅刹の女たちの支配に落ち、残酷に脅され、深い苦悩の中で思い悩み——もはや生きていたいとは思わない」
5.24.5	「命にも財にも装飾品にも意味はない。大戦車戦士ラーマなくして羅刹の女たちの中に暮らす私には」
5.24.6	「呪わしきは、高貴でも貞節でもないこの私。あの方なくして一瞬でも命を惜しむとは。邪悪な命を生きる者よ」
5.24.7	「あの方なくして命や幸福にどんな信仰を持てようか。海に囲まれた大地の愛しき支配者、親しき言葉を語る夫なくして」
5.24.8	「切り裂かれようと、食われようと——この体を捨てよう。愛しき人を失って、長い苦しみに耐えることなどできない」
5.24.9	「左足ですら夜の住人に触れはしない。ましてや非難されるべきラーヴァナを、どうして欲するだろうか」
5.24.10	「拒絶されたことも知らず、己も己の家柄も知らぬ者——残忍な本性で私を求めようとする者」
5.24.11	「切られても、割かれても、分断されても、燃え盛る火に投じられても——ラーヴァナに従うことはない。くだらぬ繰り言はもうたくさんだ」
5.24.12	「聡明で恩義を知り、慈悲深いと知られるラーガヴァ。善き行いをしながらも慈悲を見せぬとは——私の運命が尽きたからではないかと恐れる」
5.24.13	「ジャナスターナで一万四千の羅刹をただ一人で打ち払ったあの方が、なぜ私のもとに来ないのか」
5.24.14	「微力な羅刹ラーヴァナに閉じ込められた私。我が夫にはラーヴァナを戦いで討つ力があるというのに」
5.24.15	「ダンダカの森で羅刹の雄牛ヴィラーダがラーマに討たれた。あの方が、なぜ私のもとに来ないのか」
5.24.16	「確かにこのランカーは海の真中にあり、難攻不落だ。だがラーガヴァの矢の進路を阻む障壁はないはずだ」
5.24.17	「堅い武勇のラーマが、羅刹に奪われた愛しき妻のもとに来ない理由は何なのか」
5.24.18	「ラクシュマナの兄は、ここに生きている私のことを知らないのだと思う。もし知っていれば、たとえ威光ある方でも、この侮辱を許しはしないだろう」
5.24.19	「私が攫われたとラーガヴァに報せようとした鷲の王も、戦いでラーヴァナに倒されてしまった」
5.24.20	「あの時私を助けようとした老いたジャターユが、ラーヴァナとの一騎討ちに立ち向かったことは偉大な行為であった」
5.24.21	「もしあのラーガヴァが、私がここで暮らしていると知れば、今日にも怒りの矢で世界から羅刹を消し去るだろう」
5.24.22	「ランカーの都を粉砕し、大海を干上がらせ、卑劣なラーヴァナの名声も名も消し去るだろう」
5.24.23	「やがて主を失った羅刹の女たちが家々で泣くだろう——今の私のように。疑いなく。ラーマはラクシュマナとともにランカーの羅刹を捜し求め、そうするだろう」
5.24.24	「あの二人の前に現れた敵は一瞬たりとも生きてはいない。火葬の煙が道に漂い、禿鷲の群れが舞う——遠からずこのランカーは墓場のようになるだろう」
5.24.25	「遠からぬうちに私は心の望みを叶えるだろう。この不吉な出立は、お前たち全員の破滅を告げている」
5.24.26	「ランカーに見える不吉な兆しからして——遠からずこの都は輝きを失うだろう」
5.24.27	「邪悪な羅刹の王ラーヴァナが討たれれば、難攻不落のランカーも確かに萎えるだろう。夫を失った女のように」
5.24.28	「プシュヤ祭の繁栄に溢れ、羅刹とともにあるランカーの都も、主を失った女のようになるだろう」
5.24.29	「きっと遠からず、家々で泣く羅刹の娘たちの、苦悩する声を聞くことになるだろう」
5.24.30	「闇に包まれ、光を失い、羅刹の雄牛を失い——ランカーの都はラーマの矢に焼き尽くされるだろう」
5.24.31	「もしあの勇者、赤い目のラーマが、私がラーヴァナの住居にいると知ったなら」
5.24.32	「この残忍で卑劣なラーヴァナが定めた期限——その時は今やって来たのだ」
5.24.33	「なすべからざることを知らぬ邪悪な羅刹ども——不法からくる大いなる凶兆が今まさに起ころうとしている」
5.24.34	「法を知らぬ肉食の羅刹たちは、きっと私を朝食として料理するだろう」
5.24.35	「美しき姿のあの方なくして、赤い目のラーマを見ることなく——私はどうすればよいのか、深い苦悩の中で」
5.24.36	「今ここで誰かが私に毒を与えてくれたなら、速やかにヤマ神に会えるだろうに。夫なくして」
5.24.37	「ラクシュマナの兄ラーマは、私が生きていることを知らないのだ。もし知っていたなら、あの二人が大地の上で私を捜さないはずがない」
5.24.38	「きっとあの勇者、ラクシュマナの兄は、私の悲嘆ゆえに肉体を大地に捨て、天の世界へ去ったのだろう」
5.24.39	「幸いなるは神々、ガンダルヴァ、シッダ、大聖仙たち。蓮の目をした我が主ラーマを見ることのできる者たちは」
5.24.40	「あるいは、法と愛に生きる聡明なあの方、王の中の聖仙ラーマの妻である私には、もはや意味がないのだろうか」
5.24.41	「見える時には喜ぶが、見えなければ友情はない。恩知らずの者たちはそうして捨てるが——ラーマは決して捨てはしない」
5.24.42	「私には何の美徳もないのだろうか。あるいは運命の福が尽きたのか。最上の者にふさわしいラーマを失った私、シーター、美しき女は」
5.24.43	「偉大なるラーマと離れて生きるよりも、死ぬ方がましだ。穢れなき行いの勇者、敵を打ち砕く者から離れて」
5.24.44	「あるいは兄弟二人は武器を捨て、森で根や果物を食べ、森を歩く人の中の最上の者として暮らしているのかもしれない」
5.24.45	「あるいは邪悪な心の羅刹王ラーヴァナに、勇猛な兄弟ラーマとラクシュマナは策略で殺されたのかもしれない」
5.24.46	「かかる事態にあって、いかなる手段によっても死にたいと願う。しかし私に死は定められておらず、この苦しみの中でも死は訪れない」
5.24.47	「幸いなるは大いなる魂の聖仙たち、真実に認められた者たち。己を制し、大いなる幸運を持つ者たちには、好と不好が存在しない」
5.24.48	「好ましきものからは苦しみが生じ得ず、好ましからぬものからは過度の恐怖も生じない。その両方から離れた大いなる魂の者たちに敬礼あれ」
5.24.49	「己を知るラーマという愛しき人に捨てられ、邪悪なラーヴァナの支配に落ちた私は——命を捨てよう」
5.25.1	シーターにこう言われた恐ろしい羅刹の女たちは、怒りに逆上した。ある者たちは、力あるラーヴァナにそれを報告しに行った。
5.25.2	やがて恐ろしい容貌の羅刹の女たちが再びシーターに近づき、荒く、ただ一つの目的の——破滅を意図する言葉を浴びせた。
5.25.3	「さあ今こそ、高貴ならざるシーターよ、邪悪な決意の者よ。羅刹の女たちが思いのままにお前の肉を食い尽くすぞ」
5.25.4	不快な羅刹の女たちにこのように脅されるシーターを見て、横になっていた老いた羅刹の女トリジャターが口を開いた。
5.25.5	「自分たち自身を食うがよい、高貴ならざる者どもよ。シーターを食うことは許さぬ。ジャナカの愛娘にしてダシャラタの嫁を」
5.25.6	「今日、私は夢を見た。恐ろしく、身の毛のよだつ夢を。羅刹たちの滅亡と、この女の夫の勝利を告げる夢を」
5.25.7	トリジャターにこう言われ、怒り狂っていた羅刹の女たちは皆、恐れおののいてこう尋ねた。
5.25.8	「その夢はどのようなものだったのか。夜に見た夢を語ってくれ」
5.25.9	羅刹の女たちの口から出た言葉を聞き、トリジャターは時を得て、夢にまつわる言葉を語った。
5.25.10	「象牙で造られた天上の輿に——空を飛ぶ輿に——千頭の馬を繋ぎ、ラーガヴァ自らが乗っていた」
5.25.11	「夢の中で今日、私はシーターを見た。白い衣を纏い、海に囲まれた白い山の上に立っていた。シーターはラーマと再会していた——太陽と光が一つになるように」
5.25.12	「ラーガヴァが四本の牙を持つ巨大な象に——山のような象に乗り、ラクシュマナとともに歩むのを私は見た」
5.25.13	「やがて二人の人中の虎が、己の威光に輝き、白い花環と衣を身にまとい、ジャーナキーのもとにやって来た」
5.25.14	「やがて空に浮かぶ山のような象の頂上で、夫に抱き上げられたジャーナキーが象の背に乗った」
5.25.15	「蓮の目の女は夫の膝から立ち上がり、私が見たところ、両手で月と太陽を撫でていた」
5.25.16	「やがて二人の王子と大きな目のシーターを乗せた最上の象が、ランカーの上空に立った」
5.25.17	「白い牡牛が曳く八頭立ての戦車に乗り、白い花環と衣を身にまとい、ラクシュマナが弟として、シーターが妻として——ラーマは会合した」
5.25.18	「ラーヴァナは今日、プシュパカ宮殿から地上に落ちた。女に髪を掴まれて引きずられ——剃髪され、黒い衣を纏っていた」
5.25.19	「驢馬が曳く戦車に乗り、赤い花環と塗香を身につけ、南の方角へ向かい、泥の池に入った」
5.25.20	「赤い衣の女が十首の者の首に縄をかけ、泥にまみれた体で、ヤマの方角へ引きずっていった」
5.25.21	「十首の者は猪に乗り、インドラジットはワニに乗り、クンバカルナは駱駝に乗って、南の方角へ去った」
5.25.22	「大きな宴が催され、歌と楽の音が響いていた。赤い花環をつけ、赤い衣を纏った羅刹たちが酒を飲んでいた」
5.25.23	「そしてこの美しいランカーの都が——戦車と馬でひしめく都が——門楼と楼門を打ち砕かれて海に落ちるのを見た」
5.25.24	「油を飲み、踊り狂い、大声で笑う羅刹の女たちが、灰と塵にまみれたランカーにいた」
5.25.25	「クンバカルナを始めとする羅刹の雄牛たちは皆、赤い衣を手に取り、牛糞の池に入った」
5.25.26	「立ち去れ、滅びよ。ラーガヴァはシーターを取り戻す。最も激しい怒りを持つ者が、すべての羅刹もろとも打ち殺すだろう」
5.25.27	「愛しく大切にされた妻、森の暮らしに従った妻を脅し、怯えさせたことを——ラーガヴァは許しはしない」
5.25.28	「残酷な言葉はもうやめよ。宥めの言葉を語るべきだ。ヴァイデーヒーに懇願しよう。それこそ私の考えだ」
5.25.29	「苦しむ女にこのような夢が現れるのは、多くの苦しみから解き放たれ、最上の愛しき人を得る前兆なのだ」
5.25.30	「脅した後であっても、懇願せよ、羅刹の女たちよ。くだらぬ弁舌は何になるか。ラーガヴァからの恐るべき恐怖が、羅刹たちに迫っているのだ」
5.25.31	「マイティリー、ジャナカの娘は、慎んで頭を下げれば心を許す方だ。この方こそ、大いなる恐怖から羅刹の女たちを救う力を持つ」
5.25.32	「大きな目のこの女の体には、わずかな不吉の兆しも私には見えない。極めて微かな兆しさえも」
5.25.33	「影の乱れだけが——苦難が近づいている兆しだと私は思う。だがこの女神は苦難にふさわしくない方で、空の高みへ向かう方なのだ」
5.25.34	「ヴァイデーヒーの目的の成就が近づいているのを私は見る。羅刹王の滅亡と、ラーガヴァの勝利を」
5.25.35	「前兆としてこの方に大いなる吉報が聞こえるはずだ。そして蓮の花弁のように広い左目がぴくぴくと動いている」
5.25.36	「左の方が好ましくないはずの左腕が、わずかに震えている。ヴァイデーヒーの腕が突然にも震えている」
5.25.37	「象の鼻のように太く、よく形づくられた、比類なき左の太腿が震えている。それはラーマが目の前に立っていることを告げているかのようだ」
5.25.38	「枝に止まった鳥が何度も最上の宥めの言葉を語り、『ようこそ』という声を発して、幾度も幾度も嬉しそうにせき立てている」
5.26.1	羅刹王の、ラーヴァナの不快な言葉を聞いて、不快な苦しみに沈むシーターは震え上がった。森の奥で獅子に出くわした象の王の娘のように。
5.26.2	羅刹の女たちの中に置かれた臆病なシーターは、ラーヴァナの言葉に激しく脅され、人気のない荒野に捨てられた幼い娘のように嘆いた。
5.26.3	「世間の善き人々が『時ならぬ死はない』と語るのは真実だ。こうも虐げられながらも、薄運の私が一瞬でも生きているのだから」
5.26.4	「幸福を奪われ、多くの苦悩に満ちた私のこの心は、確かに堅固である。ヴァジュラに打たれた山の峰のように、今日千々に裂けないのだから」
5.26.5	「きっと私に過ちはないのだ——この醜い者に殺される身であっても。バラモンでない者にマントラを与えるように、この者の意に従うことは私にはできない」
5.26.6	「きっと間もなく、高貴ならざる羅刹王は、鋭い刃で私の体を切り刻むだろう。世界の主が来ないうちに——胎内の子に切開手術をする者のように」
5.26.7	「苦しむ私にとって、この二ヶ月が果てしなく長く迫ってくるのは恐ろしいことだ。処刑される罪人が夜明けを待つように——王への罪で捕らわれた盗賊のように」
5.26.8	「ああラーマ、ああラクシュマナ、ああスミトラー、ああラーマの母よ、ああ私の母よ。薄運のこの私は滅びゆく。嵐に迷う大海の船のように」
5.26.9	「鹿の姿をとったあの力ある者のために、人の王の二人の息子は、確かに私ゆえに殺されたのだ。稲妻に打たれた二頭の獅子と雄牛のように」
5.26.10	「きっとあの鹿の姿をとった時に、薄運の私を惑わしたのだ。あの時、愚かにも私は高貴なる方の息子を——ラーマの弟ラクシュマナを先にして——送り出してしまった」
5.26.11	「ああラーマ、真実の誓いを持ち、長い腕を持つ方よ。ああ満月のような顔の方よ。ああ生きとし生ける者の利益と愛しき方よ。羅刹たちに殺される私のことを、あなたは知らない」
5.26.12	「他に神を持たぬこと、寛容、地面の寝床、法の規律、夫への貞節——すべてが無駄だった。恩知らずの人間の中での善行のように」
5.26.13	「私の守ったこの法は空しく、一人の夫への忠節もまた無意味であった。やつれ、色を失い、あなたを失い、再会に望みもなく、あなたに会えぬ私には」
5.26.14	「父の命を誓いをもって果たし、森から戻り、誓いを全うしたあなたは、きっと大きな目の女たちとともに楽しむのだろう。恐れなく、目的を果たして」
5.26.15	「ラーマよ、あなたへの愛に生まれ、長きにわたり滅びへと向かう想いを抱き、苦行の誓いも空しく終えた私は——命を捨てよう。呪わしき薄運の命を」
5.26.16	「速やかに命を捨てたい——毒か、鋭い刃で。だが毒を与えてくれる者も、羅刹の館に刃もない」
5.26.17	「悲嘆に焼かれ、様々に思い巡らせた後、シーターは三つ編みの結び目を掴んだ。三つ編みの結び目で首を吊り、速やかにヤマ神のもとへ行こう」
5.26.18	かくも様々に嘆き、全身全霊でラーマを思い続け、震え、干からびた顔で、花咲く大樹のもとに辿り着いた。
5.26.19	柔らかな肢体のその美しき女は、その樹の枝をつかんだ。ラーマのこと、ラーマの弟のこと、己の家族のことを思いながら。
5.26.20	悲嘆を原因とする多くの前兆が現れた——古くから実証され、世に優れた、気丈さから得られる兆しが。
5.27.1	かくも苦しみ、非の打ちどころなく、喜びを失い、心を打ちひしがれた美しい彼女に、吉兆の前兆が訪れた——栄光に恵まれた人に仕える者たちのように。
5.27.2	美しい髪の女の、吉兆の左の目が——巻いた睫毛の、筋の入った、黒く広く白い目が——一つ、蓮の花弁が魚に触れたように、赤みを帯びて震えた。
5.27.3	美しく曲がり、太く丸い腕——最上の黒沈香と白檀にふさわしい腕——かつて最上の愛しき人に抱かれた左腕が、突然に震えた。
5.27.4	象の鼻に似て太く、よく形づくられた左の太腿が震え、ラーマが目の前に立っていることを告げるかのようであった。
5.27.5	黄金と同じ色の、わずかに塵で覆われたかのような吉兆の衣が、立っている清らかな目の、歯の先端のような美しい肢体の女の体から、少しずらりと落ちかけた。
5.27.6	美しい眉の女は、これらの前兆と、古くから実証された他の兆しに励まされ、風と日照りに枯れかけた種が雨に生き返るように、再び喜びを取り戻した。
5.27.7	ビンバの実のような唇、美しい目と眉と髪の先端、巻いた睫毛、白く清らかな歯を持つ彼女の顔は輝き始めた——ラーフの口から解き放たれた月のように。
5.27.8	悲嘆を去り、気だるさを払い、熱を鎮め、喜びに心を目覚めさせた高貴な女は、その顔で輝いた——冷たい月が昇った白い夜のように。
5.28.1	勇猛なハヌマーンもまた、すべてを真実のままに聞いていた。シーターの言葉も、トリジャターの言葉も、羅刹の女たちの脅しも。
5.28.2	ナンダナ園の女神のようなその女神を見つめながら、猿は様々な思案を巡らせた。
5.28.3	「何千、何万もの猿があらゆる方角を捜し回った女を、この私が見つけ出したのだ」
5.28.4	「巧みな密偵として、隠れて動きながら、敵の力を見極めてきた。ここまでは私が観察したことだ」
5.28.5	「羅刹たちの特徴、この都の様子、そして羅刹の王ラーヴァナの威力も観察した」
5.28.6	「計り知れぬ力を持ち、すべての生き物に慈悲深いあの方の妻を、夫との再会を切望するこの女を慰めることがふさわしい」
5.28.7	「満月のような顔のこの女を、かつて知らぬ苦しみに沈み、苦悩の果てに至れぬこの女を、私が慰めよう」
5.28.8	「もし悲嘆に心を打ちのめされたこの女神を慰めずに去れば、去ることそのものが過ちとなるだろう」
5.28.9	「私が去った後、栄光ある王女は、救いを見出せず、ジャーナキーは命を捨てるだろう」
5.28.10	「満月のような顔をした大腕のあの方を、シーターに会いたいと切望するあの方を、慰めるのもまた道理だ」
5.28.11	「だが羅刹の女たちの面前では話しかけることができない。困った立場に陥ったものだ」
5.28.12	「この夜の残りのうちに私が慰めなければ、この女は必ず命を捨てるだろう——あらゆる点から見て疑いない」
5.28.13	「もしラーマが私に尋ねたなら——『シーターはお前に何を語ったか』と。細腰の女と言葉を交わさずに、私は何と答えられようか」
5.28.14	「シーターの言伝てなく急いで戻った私を、カークッツタは怒りの鋭い目で焼き尽くすかもしれない」
5.28.15	「しかしラーマのために夫を行動させれば、軍勢を率いたあの方の来訪が無駄になるかもしれない」
5.28.16	「ここに留まり、羅刹の女たちの隙を見て、悲嘆に苦しむこの女を静かに慰めよう」
5.28.17	「私は極めて小さい体であるし、特に猿であるから、ここで人間の言葉、洗練されたサンスクリットを語ろう」
5.28.18	「しかしバラモンのように洗練されたサンスクリットを語れば、シーターはラーヴァナだと思い込み、怯えるだろう」
5.28.19	「意味のある人間の言葉を必ず語らねばならない。他の方法ではこの非の打ちどころなき女を慰めることはできない」
5.28.20	「私の姿と言葉を見て聞いた大きな目のジャーナキーは——すでに羅刹に怯えさせられた後だけに——さらなる恐怖に陥るだろう」
5.28.21	「やがて恐怖を抱いた思慮深い女は、意のままに姿を変えるラーヴァナだと知って、声を上げるだろう」
5.28.22	「シーターが声を上げれば、たちまち羅刹の女たちの群れが——様々な武器を持つ恐ろしい死神のような者たちが——集まるだろう」
5.28.23	「やがて歪んだ顔の者たちが私を四方から取り囲み、殺そうとし、捕らえようとし、全力を尽くすだろう」
5.28.24	「大樹の枝や幹を飛び回る私を見て、恐れと疑いに駆られるだろう」
5.28.25	「大きな森を飛び回る私の姿を見て、歪んだ顔の羅刹の女たちは恐怖に震えるだろう」
5.28.26	「やがて羅刹の女たちが羅刹たちを呼び寄せるだろう。羅刹王に任命された、羅刹王の館の者たちを」
5.28.27	「槍、矢、長剣、様々な武器を手にした者たちが、この衝突に勢いよく襲いかかってくるだろう」
5.28.28	「怒って四方から羅刹の軍勢を打ち散らしても、大海の彼岸にたどり着くことはできまい」
5.28.29	「あるいは多くの素早い者たちが跳びかかって私を捕らえるかもしれない。そうなればシーターの目的も達せられず、私も捕らわれることになる」
5.28.30	「暴力を好む者たちが、このジャナカの娘を殺すかもしれない。そうなればラーマとスグリーヴァのこの事業は潰えるだろう」
5.28.31	「道の失われたこの場所で、羅刹に囲まれ、海に取り囲まれた守られた場所に、ジャーナキーは住んでいるのだ」
5.28.32	「戦いで私が殺されるか捕らわれれば、ラーマの事業の遂行に他の助力者は見当たらない」
5.28.33	「考えを巡らせても、私が討たれた場合に、百ヨージャナの大海を跳び越えられる猿が他にいるとは思えない」
5.28.34	「千もの羅刹を殺す力は確かにある。だが大海の彼岸にたどり着くことはできまい」
5.28.35	「戦いの結果は不確かであり、不確実なことに賭けるのは好まない。成し遂げるべきことが確実にあるのに、不確実を選ぶ賢者がどこにいようか」
5.28.36	「これは大きな欠陥だ——シーターに話しかけることには。だが話しかけなければ、ヴァイデーヒーは命を絶つだろう」
5.28.37	「確かな事業も、時と場を誤れば滅びる。取り乱した使者に任せれば、日の出に消える闇のように」
5.28.38	「利と害の間に立つ判断は、確定していても美しくない。自分を賢者と思い込む使者は、事業を台無しにするのだ」
5.28.39	「どうすれば事業が滅びず、混乱も起こらず、大海を跳び越えたことも無駄にならないか」
5.28.40	「どうすれば私の言葉を聞いて怯えないだろうか」——かく思案した聡明なハヌマーンは決意を固めた。
5.28.41	「穢れなき行いのラーマを、彼女自身の親族として語り伝えよう。あの方の親族のことに心を寄せるこの女を、怯えさせずにすむだろう」
5.28.42	「イクシュヴァーク族の最も優れた者、己を知るラーマの吉祥にして法に適った言葉を伝えよう」
5.28.43	「甘美な言葉を語り、すべてを聞かせよう。この女が信じるように、すべてを整えよう」
5.28.44	かくして大いなる力を持つ者は、世界の主の妻を見つめながら、樹の枝の間から、甘美にして真実の言葉を語り始めた——ハヌマーンは。
5.29.1	かくも様々に思案した大猿は、ヴァイデーヒーに聞こえるよう、甘美な言葉を語った。
5.29.2	「ダシャラタという名の王がいた。象と馬と戦車の軍の主。聖なる品性を持ち、大いなる名声を誇り、正直で、大いなる栄光の者。転輪聖王の家に生まれ、プランダラに等しい力を持つ者」
5.29.3	「非暴力を愛し、卑しからず、慈悲深く、真実の武勇を持つ者。イクシュヴァーク族の長にして、繁栄を持ち繁栄を増す者」
5.29.4	「王の徴を備え、広大な栄光を持つ雄牛の中の雄牛。四方を海で囲まれた大地に名を知られ、幸福を与える幸福な者」
5.29.5	「その王の長男にして愛しき息子——月の主のような顔をしたラーマという者がいる。物事の本質を知る者、すべての弓の使い手の中の最上の者」
5.29.6	「己の品行を守る者、己の民を守る者、生きとし生けるものの世界を守る者、法を守る者。敵を焼く者」
5.29.7	「真実に堅き老いた父の言葉に従い、妻と弟とともに、勇者は森に出た」
5.29.8	「その大きな森で狩りに走り回る間に、ジャナスターナの虐殺を知り、カラとドゥーシャナの討滅を聞いた。やがてジャーナキーはラーヴァナに怒りから攫われた」
5.29.9	「ラーガヴァが語った通りの姿、通りの色合い、通りの輝きの女を——この私が見つけ出した」
5.29.10	猿の雄牛はこう語って言葉を止めた。ジャーナキーもそれを聞いて最大の驚きに包まれた。
5.29.11	やがて巻いた髪先を持つ美しい髪の、臆病な女は、髪に覆われた顔を上げ、あのシンシュパーの樹を見上げた。
5.29.12	横に、上に、そして下にと見回し、計り知れぬ知性のその者を——猿の王の大臣、風の子を見つけた。昇る太陽のように。
5.30.1	やがて枝の間に潜む、慎み深く親しく語る猿を見て、心を動かされた。
5.30.2	猿の中の最上の者が恭しく控えているのを見て、マイティリーは美しき女として考えた——「これは夢だ」と。
5.30.3	その者をまじまじと見つめ、シーターは完全に意識を失いかけた。やがて長い間をおいて意識を取り戻した大きな目の女は、思いを巡らせた。
5.30.4	「今日、私は歪んだ夢を見た。聖典の教えで禁じられた猿を。ラーマに、ラクシュマナに、そして我が父ジャナカ王に幸いあれ」
5.30.5	「いやこれは夢ではない。悲しみと苦痛に苛まれる私には眠りがないのだから。幸福は私にはない。あの満月のような顔のお方を失っている私には」
5.30.6	「あの方への心の愛に苛まれ、すべての思いがあの方に向かう私は、あの方のことばかり思い、あの方を見、あの方の声を聞くのだ」
5.30.7	「これは心の願望にすぎないと考えもしたが、知性で吟味してみる。なぜこの者に形がないはずがあろうか。はっきりとした姿で私に語りかけているではないか」
5.30.8	「弁才天に礼拝あれ、ヴァジュラを持つインドラに、自ら生まれたブラフマーに、そして火神に。この森の住人が私の前で語ったこの言葉が、真実となれ。さもなくばならぬように」
5.31.1	大いなる威光を持つハヌマーンは、風神の子として、頭上に合掌の印を捧げ、甘美なる言葉でシーターに語りかけた。
5.31.2	「蓮の花弁のような眼を持つ方よ、汚れた絹の衣を纏い、樹の枝にすがって立つ非の打ちどころなき方よ、あなたは誰であるか。
5.31.3	なぜあなたの両眼から悲しみの涙が流れるのか。蓮の花弁のような眼から、水が散り落ちるように。
5.31.4	神々、阿修羅、龍、ガンダルヴァ、羅刹、ヤクシャ、キンナラのうち、美しき方よ、あなたは誰であるか。
5.31.5	美しき顔の方よ、あなたはルドラ神妃たちの一人か、マルト神群の一人か、ヴァス神群の一人か。私には天女のように見える。
5.31.6	月を離れて天界から落ちた、星々の中で最も優れた、あらゆる美徳を備えたローヒニーではないか。
5.31.7	怒りか迷妄かにより、黒い瞳の方よ、夫ヴァシシュタを怒らせたアルンダティーではないか。
5.31.8	美しき腰の方よ、あなたの息子、父、兄弟、あるいは夫のうち、誰がこの世からあの世へ去ったのを悲しんでいるのか。
5.31.9	あなたの容姿の特徴と相を私は見て取る。あなたは王の正妃であり、王女であると私は考える。
5.31.10	もしジャナスターナからラーヴァナに力ずくで攫われたシーターであるならば、あなたに幸あれ、問う私にそれを告げよ。」
5.31.11	ラーマの名を聞いて喜びに満たされた彼女は、樹に身を寄せるハヌマーンに言葉を返した。
5.31.12	「私はヴィデーハの偉大なるジャナカ王の娘であり、名をシーターという。聡明なるラーマの妻である。
5.31.13	十二年の間、ラーグハヴァの屋敷で、あらゆる望みが満たされ、人としての幸福を享受して暮らしていた。
5.31.14	十三年目に、王は師とともに、イクシュヴァーク族の喜びであるラーマの即位式を執り行おうとした。
5.31.15	ラーグハヴァの即位の準備が進められていたとき、カイケーイーという王妃が夫にこう言った。
5.31.16	『ラーマが即位するならば、私は飲みも食べもしない。これが私の命の終わりとなる。』
5.31.17	『王の中の最上なる方よ、かつてあなたが喜びをもって語った約束、それが偽りでないならば、ラーグハヴァを森へ行かせよ。』
5.31.18	真実を語る王は、王妃への恩寵の約束を思い出し、カイケーイーの残酷で不快な言葉を聞いて気を失った。
5.31.19	しかし老いた王は真実と法に堅く立ち、涙を流しながら、名声ある長子に王位を退くよう請うた。
5.31.20	栄光ある彼は、即位以上に父の言葉を愛しみ、心で先に受け入れ、言葉でそれに従った。
5.31.21	真実の勇者ラーマは、命に関わることであっても、与えこそすれ受け取らず、不快な言葉は口にしない。
5.31.22	大いなる名声の彼は、高価な上衣を脱ぎ捨て、心から王位を捨て去り、母に私を託した。
5.31.23	そして私はすぐさま森に暮らす者として彼の前に進み出た。彼なくしては天界に住むことさえ私には望ましくない。
5.31.24	それ以前に、偉大なるスミトラーの子ラクシュマナも、兄への随行のため、樹皮と草の衣をまとっていた。
5.31.25	私たちは夫の命に従い、堅い誓いを重んじ、都を出て、深遠なる森に入った。
5.31.26	ダンダカの森に暮らしていたとき、計り知れぬ力を持つ夫の妻である私は、邪悪なるラーヴァナに攫われた。
5.31.27	ラーヴァナは私に二か月の猶予を与えた、命を繋ぐために。二か月を過ぎれば、私は命を絶つであろう。」
5.32.1	悲しみに打ちひしがれた彼女のその言葉を聞いて、猿の軍勢の長ハヌマーンは、慰めの言葉を返した。
5.32.2	「王妃よ、私はラーマの使者として、あなたのもとに参った。ヴァイデーヒーよ、ラーマは息災であり、あなたの安否を問うている。
5.32.3	ブラフマーの武器とヴェーダを知る、ヴェーダに通じた者の中の最上なる方、ダーシャラティ・ラーマが、王妃よ、あなたの安寧を問うている。
5.32.4	大いなる威光を持つラクシュマナもまた、あなたの夫の愛する従者として、悲嘆に焼かれながら、頭を垂れてあなたに敬礼を送った。
5.32.5	あの二人の人中の獅子の息災を聞いて、王妃は全身が喜びに震え、ハヌマーンに語りかけた。
5.32.6	「まことに世の諺は正しい。『百年の後にも、生きている者には福が訪れる』と。
5.32.7	二人が出会ったその場に、不思議な喜びが生まれ、互いに信頼して語り合い始めた。
5.32.8	悲嘆に沈むシーターの言葉を聞いて、猿の軍勢の長ハヌマーンは、彼女のそばへ近づいた。
5.32.9	ハヌマーンが近づけば近づくほど、シーターは彼をラーヴァナではないかと疑った。
5.32.10	「ああ、なんということだ。私が話してしまったことを。姿を変えて現れたこの者は、あのラーヴァナに違いない。」
5.32.11	悲しみにやつれた彼女は、アショーカ樹の枝を離れ、その非の打ちどころなき姿のまま地面に座り込んだ。
5.32.12	大いなる腕を持つ彼はジャナカの娘に敬礼したが、恐怖におののく彼女は再び彼を見ようとしなかった。
5.32.13	月のような顔のシーターは、敬礼する猿を見て、深い溜息をつきながら甘やかな声で言った。
5.32.14	「もし幻術に長けた汝がラーヴァナ自身であるならば、再び私に苦悩を与えることは相応しくない。
5.32.15	自らの姿を捨てて遍歴行者の姿をとり、ジャナスターナで私に見られた、汝はあのラーヴァナであろう。
5.32.16	断食にやつれ、みすぼらしい姿の私を、意のままに姿を変える夜叉よ、再び苦しめることは相応しくない。
5.32.17	もし汝がラーマの使者として来たのであれば、幸あれ。猿の長よ、汝に問おう。ラーマの話は私にとって愛しいものゆえ。
5.32.18	我が愛しきラーマの美徳を語れ、猿よ。優しき者よ、汝は私の心を奪う、急流が川岸を崩すように。
5.32.19	ああ、夢の幸福よ。長く攫われていた私が、ラーグハヴァに遣わされた森の住人を見るとは。
5.32.20	夢の中でさえ、勇者ラーグハヴァをラクシュマナとともに見ることができれば、私は沈むまい。だが夢さえも私には意地悪なのだ。
5.32.21	いや、これを夢とは思わない。夢の中で猿を見たならば、幸運を得ることはできないはず。だが私には幸運が訪れている。
5.32.22	これは心の迷いか、風の気まぐれか、狂気の幻か、蜃気楼であろうか。
5.32.23	いや、これは狂気でもなければ、迷妄の兆候を持つ狂気でもない。私は自分自身を認識しており、この森の住人をも認識している。
5.32.24	このようにシーターは幾度も強弱を考量したが、羅刹族の変身能力ゆえに、彼を羅刹王と見なした。
5.32.25	そのように判断した細腰のシーターは、ジャナカの娘として、猿に返答しなかった。
5.32.26	シーターの思いを察したハヌマーンは、風神の子として、耳に心地よい言葉で彼女を喜ばせようとした。
5.32.27	「太陽のごとく威光に満ち、月のごとく万人に愛され、全世界の王にしてクベーラ神のごとき方、
5.32.28	勇猛においてはヴィシュヌのごとく大いなる名声を持ち、真実を語り甘美な声を持つブリハスパティのごとき方、
5.32.29	容姿端麗にして幸運に恵まれ、カーマ神の化身のごとき方、怒りをもって敵を打つ最上の戦車戦士、その偉大なる腕の庇護のもとに世界がある方、
5.32.30	鹿の姿でラーグハヴァを住処から誘い出し、留守の隙にあなたを攫った者が、その報いを見ることになろう。
5.32.31	間もなく、燃える火のごとき怒りの矢で、勇猛なる彼が戦場でラーヴァナを討つであろう。
5.32.32	私はラーマの命を受けた使者として、あなたのもとへ参った。離別の悲しみに苦しむ彼が、あなたの安否を問うている。
5.32.33	大いなる威光のラクシュマナもまた、スミトラーの喜びを増す者として、大いなる腕の彼が、敬礼を捧げ、安否を問うている。
5.32.34	王妃よ、そしてラーマの友であるスグリーヴァという猿がいる。猿の王たちの王たる彼もまた、あなたの安否を問うている。
5.32.35	ラーマは常にあなたを想っている、スグリーヴァとラクシュマナとともに。ヴァイデーヒーよ、羅刹女の手に落ちながらも生きていて幸いだ。
5.32.36	間もなくあなたは大戦車戦士ラーマとラクシュマナを、そして計り知れぬ力のスグリーヴァを、数億の猿たちの中に見るであろう。
5.32.37	私はスグリーヴァの臣下であるハヌマーンという猿。大海を跳び越えて、ランカーの都に入った。
5.32.38	邪悪なるラーヴァナの頭上に足を置き、己の勇猛を頼みとして、あなたに会いに参った。
5.32.39	王妃よ、私はあなたが思うような者ではない。この疑いを捨て、私の言葉を信じてほしい。」
5.33.1	ラーマの話を聞いて、猿の雄牛たるハヌマーンに、ヴァイデーヒーは悲嘆に沈みながらも、静かなる甘美な言葉で語りかけた。
5.33.2	「汝とラーマとの縁はどこから生まれたのか。ラクシュマナをどのように知ったのか。猿と人との出会いはいかにして成ったのか。
5.33.3	猿よ、ラーマの特徴とラクシュマナの特徴を改めて語れ。そうすれば悲しみが私を襲うことはないであろう。
5.33.4	ラーマの体つきはいかなるものか、容貌はいかなるものか、腿はどのように、腕はどのように。ラクシュマナについても語れ。
5.33.5	ヴァイデーヒーにそう言われて、ハヌマーンは風神の子として、ラーマのありのままの姿を語り始めた。
5.33.6	「ヴァイデーヒーよ、蓮の花弁のような眼の方よ、幸いなことに汝は私に問う。夫とラクシュマナの特徴を。
5.33.7	大きな眼の方よ、ラーマの印とラクシュマナの印を、語る私から聞いてほしい。
5.33.8	ラーマは蓮の花弁のような眼を持ち、すべての生き物の心を魅了する。容姿と品格に恵まれたジャナカの姫の夫である。
5.33.9	威光においては太陽に等しく、忍耐においては大地に等しく、知恵においてはブリハスパティに等しく、名声においてはインドラに等しい。
5.33.10	生ける者たちの世界の守護者、己の一族の守護者、己の行いの守護者、法の守護者にして敵を焼く者。
5.33.11	美しき方よ、ラーマはこの世の四姓の守護者であり、世の慣わしの制定者にして執行者である。
5.33.12	光輝に満ち、深く敬われ、梵行の誓いに立つ。善き人々への恩義を知り、行為の作法に通じている。
5.33.13	王の学問に精通し、バラモンたちに仕え、博学にして徳を備え、慎みあり敵を焼く者。
5.33.14	ヤジュル・ヴェーダに精通し、ヴェーダに通じた者たちに崇められ、弓術とヴェーダとヴェーダの補助学に達している。
5.33.15	広い肩、大いなる腕、法螺貝のような首、美しい顔、隠れた鎖骨、美しく赤みを帯びた眼を持つラーマは、人々に知られている。
5.33.16	太鼓のような深い声を持ち、肌は滑らかで威厳がある。均整のとれた体躯で、色はシュヤーマ（暗い青銅色）を帯びている。
5.33.17	三つの部分が堅固で、三つが長く、三つが均等で、三か所が高い。三つの皺を持ち、三か所が窪み、四つの兆しと三つの頭頂相を持つ。
5.33.18	四つの吉相と四つの線、四つの肘尺の均整、十四の対称と四つの歯相、四つの歩様を持つ。
5.33.19	唇と顎と鼻が大きく、五つの滑らかさと八つの長い部分を持つ。十の蓮華相と十の広大さ、三つに満ち二つが白い。六つが高く九つが細い。三つをもって世界を包むラーグハヴァである。
5.33.20	真実と法に専心し、栄光に満ち、人を統べ恩恵を施すことに専念する。時と場を弁え、すべての者に愛される言葉を語る。
5.33.21	彼の異母弟であるスミトラーの子は、無敵であり、愛情と容姿と美徳において兄と同様である。
5.33.22	あなたを探し求めて大地をさまよう二人は、兄によって追放された猿の王を見出した。
5.33.23	リシュヤムーカ山の多くの樹木が茂る頂で、兄によって王位を追われた、見目麗しきスグリーヴァが悲しみに座していた。
5.33.24	我々は王位から兄に追われた、真実の誓約を持つ猿の王スグリーヴァに仕えていた。
5.33.25	そこへ樹皮の衣をまとい、最上の弓を手にした二人が、リシュヤムーカ山の麗しき地へやって来た。
5.33.26	猿の雄牛たるスグリーヴァは、あの二人の虎のような武人を見て、恐怖と戸惑いから山の頂に跳び上がった。
5.33.27	そして頂上に立った猿王は、速やかに私をあの二人のもとへ遣わした。
5.33.28	私はスグリーヴァの命により、容姿と吉相に恵まれたあの二人の武人のもとへ、合掌して参上した。
5.33.29	私は真意を見極めて喜び、二人を背に乗せてその場所に運んだ。
5.33.30	そして真実をスグリーヴァに報告し、互いの語らいから深い友情が生まれた。
5.33.31	名声に輝く猿王と人の王は、過去の経緯を語り合い、互いに慰めを見出した。
5.33.32	ラーマの兄はスグリーヴァを慰めた。大いなる威光の持ち主が、妻のことで兄ヴァーリンに追放されていたことを知って。
5.33.33	そしてラクシュマナが、たゆまぬ行為のラーマの、あなたの喪失による悲しみを猿王スグリーヴァに伝えた。
5.33.34	猿王はラクシュマナの言葉を聞いて、惑星に蝕まれた太陽のように、たちまち光を失った。
5.33.35	そして、攫われゆくあなたの身を飾っていた装身具が大地に落ちたものを、
5.33.36	猿の軍勢の長たちがすべて集め、喜びながらラーマに見せた。しかしあなたの行方はわからなかった。
5.33.37	それらはラーマに差し出され、私自身が持参した。音を立てながら散らばるそれらを前に、彼は正気を失った。
5.33.38	見目麗しいそれらの装身具を膝に抱え、天の輝きを持つ彼は幾度も嘆き悲しんだ。
5.33.39	涙を流し悲しみ、何度も気を失うダーシャラティの姿は、それらの装身具が悲嘆の火に薪をくべるかのようであった。
5.33.40	悲しみに苦しむ偉大なる彼は長く横たわり、私もまた様々な言葉をかけて、やっとのことで再び立ち上がらせた。
5.33.41	高価なそれらを幾度も見つめ、ラーグハヴァはラクシュマナとともにスグリーヴァに委ねた。
5.33.42	高貴なる方よ、あなたに会えぬことで、ラーグハヴァは、大いなる燃え盛る火のような火山のごとく苦悩している。
5.33.43	あなたゆえに不眠と悲嘆と憂慮が、火室の火のように偉大なるラーグハヴァを焼き尽くす。
5.33.44	あなたに会えぬ悲しみにより、ラーグハヴァは、大地震に揺れる大きな岩山のように動揺している。
5.33.45	王女よ、あなたを見ることなく美しい森や川の流れを歩いても、彼は喜びを得ることができない。
5.33.46	ジャナカの姫よ、あの人中の虎ラーグハヴァは、速やかにあなたのもとへ来るであろう。友や眷属もろともラーヴァナを殺して。
5.33.47	ラーマとスグリーヴァは手を携えて盟約を結んだ。ヴァーリンを討ち、あなたの探索を行うと。
5.33.48	そしてラーマは戦いでヴァーリンを素早く討ち、すべての熊と猿の軍勢の王にスグリーヴァを据えた。
5.33.49	王妃よ、ラーマとスグリーヴァの同盟はこのようにして成った。ハヌマーンたる私を、両者の使者としてここに来たと知ってほしい。
5.33.50	王位を取り戻したスグリーヴァは、大いなる猿たちを集め、あなたの捜索のため十方に大いなる力の者たちを遣わした。
5.33.51	大いなる力を持つ猿の王スグリーヴァに命じられ、山の王のような者たちが、あらゆる方向に大地へ出発した。
5.33.52	吉祥に輝くヴァーリンの子アンガダが、猿たちの虎として、全軍の三分の一を率いて出発した。
5.33.53	ヴィンディヤの名山で道に迷った我々は、深い悲嘆に包まれ、日夜が過ぎていった。
5.33.54	任務への絶望と、期限の超過と、猿の王への恐れから、我々は命を絶つ覚悟を固めた。
5.33.55	森の険しき地も山の水源も探し尽くしたが、王妃の手がかりを得られず、命を絶つ覚悟を固めた。
5.33.56	深い悲嘆の海に沈んだアンガダは、嘆き悲しんだ。ヴァイデーヒーよ、あなたの喪失、ヴァーリンの死、我々の断食自殺、そしてジャターユの死を。
5.33.57	主の命に従い、絶望して死のうとしていた我々のもとへ、使命を帯びたかのように、力ある大鳥が現れた。
5.33.58	鷲の王の兄弟であるサンパーティという名の鷲王が、兄弟の死を聞いて怒り、こう言った。
5.33.59	『わが弟は誰に殺され、どこで滅ぼされたのか。猿の勇者たちよ、それを語ってほしい。』
5.33.60	アンガダが、恐ろしき姿の羅刹による、あなたを巡るジャナスターナでの大いなる戦死を、ありのままに語った。
5.33.61	ジャターユの死を聞いて悲嘆にくれたアルナの子サンパーティは、美しき方よ、あなたがラーヴァナの宮殿にいると告げた。
5.33.62	サンパーティの喜ばしい言葉を聞いて、アンガダを筆頭に、我々はみな出発した。あなたとの再会に意気を得て、喜びに満ちた飛猿たちが。
5.33.63	そして猿の軍勢が大海を見て沈む中、私は激しい恐怖を振り払い、百ヨージャナを跳んだ。
5.33.64	夜にランカーに入り、羅刹どもが跳梁するその中で、ラーヴァナを見、悲しみに打ちひしがれたあなたを見出した。
5.33.65	非の打ちどころなき方よ、すべてをありのまま語った。王妃よ、私に話しかけてほしい。私はダーシャラティの使者である。
5.33.66	王妃よ、ラーマの事業のため奮起し、あなたのためにここに来た、スグリーヴァの臣下たる風神の子と知ってほしい。
5.33.67	あなたの夫カークッツタは息災であり、すべての武器を持つ者の中の最上である。師への奉仕に専念するラクシュマナもまた、吉相に恵まれている。
5.33.68	王妃よ、勇猛なるあなたの夫の利益に専念する私が、ただ一人ここに参った。スグリーヴァの命により。
5.33.69	意のままに姿を変えられる私が、仲間なく南方を巡り歩いた。あなたの行方の手がかりを求めて。
5.33.70	猿の軍勢があなたの喪失を嘆いている中、私はその苦悩を取り除くことができよう。あなたの発見の吉報により。
5.33.71	王妃よ、私の海の跳躍が無駄にならなかったことは幸いである。あなたとの面会によるこの栄誉を私は得るであろう。
5.33.72	大いなる勇猛のラーグハヴァは、速やかにあなたのもとに来るであろう。友と眷属もろとも羅刹王ラーヴァナを殺して。
5.33.73	ヴァイデーヒーよ、山々の中で最上のカウラジャという山がある。そこからゴーカルナ山へ向かうのが、我が父ケーサリンという猿である。
5.33.74	天の聖仙たちに見守られ、我が父なる大猿は、海神の聖なる渡し場でシャンバサーダナを倒した。
5.33.75	マイティリーよ、私はその猿の地で風神によって生まれた。ハヌマーンとして己の業により世に知られている。ヴァイデーヒーよ、信頼を得るために夫の美徳を語ったのだ。」
5.33.76	悲嘆にやつれたシーターは、このように道理にかなった確かな証によって信を得、彼を使者と認めた。
5.33.77	比類なき喜びに達し、ジャーナキーは歓喜のあまり、曲がった睫毛の両眼から歓喜の涙を流した。
5.33.78	赤と白の大きな眼を持つ彼女の美しい顔は、広い眼を持つ大きな眼の彼女において、ラーフから解放された月のように輝いた。彼女はハヌマーンを確かに猿と認め、それ以外ではないと思った。
5.33.79	そしてハヌマーンは、美しき姿の彼女にさらなる言葉を語った。
5.33.80	「シャンバサーダナを討ったのは猿の勇者であり、大聖仙の促しによってであった。マイティリーよ、ゆえに私は風神の子であり、その力においてかの勇者に等しい猿である。」
5.34.1	大いなる威光のハヌマーンは、風神の子として、シーターの信頼を得るために、恭しく言葉を述べた。
5.34.2	「高貴なる方よ、私は猿であり、聡明なるラーマの使者である。王妃よ、ラーマの名が刻まれたこの指輪を見よ。安心されよ、幸あれ。あなたの苦しみの果実は尽きようとしている。」
5.34.3	夫の手の装飾品を受け取り、見つめるシーターは、夫自身を得たかのように、ジャーナキーは喜びに満たされた。
5.34.4	赤と白の大きな眼を持つ彼女の美しい顔は、歓喜に高揚し、ラーフから解放された月のように輝いた。
5.34.5	慎み深き若き彼女は、夫の便りに喜び、心から満足して愛しい言葉を聞き、偉大なる猿を讃えた。
5.34.6	「汝は勇猛であり、有能であり、賢明である、猿の最上よ。この羅刹の地がただ一人の汝によって踏破されたのだから。
5.34.7	百ヨージャナに広がる鰐の住む大海が、勇猛を誇るべき汝の歩みにより、牛の蹄跡ほどにされた。
5.34.8	猿の雄牛よ、汝を凡庸な猿とは思わない。ラーヴァナへの恐れも動揺もない汝を。
5.34.9	猿の長よ、汝が真の自己を知るラーマに遣わされたのであれば、私と語り合うにふさわしい。
5.34.10	不敵なるラーマは、力を見極めずに試されていない者を、私のもとへは遣わないであろう。
5.34.11	ラーマが息災であるとは幸いなこと。法を愛し法に生きるラーマ。大いなる威光のラクシュマナもまた、スミトラーの喜びを増す者として。
5.34.12	カークッツタが息災であるならば、なぜ海を帯とする大地を、世の終わりに立ち上がる火のように怒りで焼き尽くさないのか。
5.34.13	あるいは、あの二人は神々をさえ制圧する力を持つのに、私の不幸だけは転換がないということなのか。
5.34.14	ラーマは苦しんでいるだろうか。打ちのめされてはいないだろうか。これから為すべきことを行っているだろうか、人の中の最上なる者は。
5.34.15	意気消沈してはいないか、慌てふためいてはいないか。任務に迷ってはいないか。王の子として為すべきことを行っているか。
5.34.16	勝利を求める者として、友に対して、二種三様の方策を用いているか。敵を焼く者として。
5.34.17	友を得ているか、友に訪ねられているか。善き友に恵まれ、友たちに敬われているか。
5.34.18	王子は神々の恩寵を願い求めているか。人の努力と天の意志の両方を重んじているか。
5.34.19	ラーグハヴァは追放の中で私への愛情を失ってはいないか。猿よ、この苦難から私を救い出してくれるだろうか。
5.34.20	常に幸福に慣れ、不幸には慣れていないラーマは、さらなる苦しみに遭って沈んではいないか。
5.34.21	カウサリヤーは、そしてスミトラーは、バラタの息災はしきりに聞こえてくるか。
5.34.22	敬意に値するラーグハヴァは、私のために悲嘆に暮れてはいないか。ラーマは心変わりしてはいないか。私を救い出してくれるだろうか。
5.34.23	兄弟思いのバラタは、大臣に守られた恐るべきアクシャウヒニー軍を、私のために遣わしてくれるだろうか。
5.34.24	栄光あるスグリーヴァ猿王は、牙と爪を武器とする勇猛な猿たちとともに、私のために来てくれるだろうか。
5.34.25	勇者ラクシュマナは、スミトラーの喜びを増す者として、武器に通じ、矢の雨で羅刹どもを散らすだろうか。
5.34.26	恐るべき武器によって、ラーマが戦場で、ラーヴァナを味方もろとも討つのを、間もなく見ることができるだろうか。
5.34.27	金色に輝く彼の顔、蓮のように芳しいその顔は、私なくして悲嘆にやつれ、水が涸れた蓮が日差しに萎れるように枯れてはいないか。
5.34.28	法の名のもとに王位を捨て、私を徒歩で森に導いたとき、動揺も恐怖も悲嘆もなかったあの方は、今も心に堅忍を保っているだろうか。
5.34.29	彼の母も父も、私ほどに愛情深き者は他にない。愛しき夫の消息を聞くまでは、使者のおかげで生きながらえよう。」
5.34.30	深い意味を持つ言葉を猿の王に語り終えた王妃ラーマーは、ラーマにまつわる愛しき言葉を再び聞こうとして黙った。
5.34.31	シーターの言葉を聞いて、恐るべき勇猛のマールティは、頭上に合掌を捧げてさらなる言葉を述べた。
5.34.32	「蓮の眼のラーマは、あなたがここにいることを知らない。だが私の言葉を聞けば、速やかにラーグハヴァは来るであろう。
5.34.33	猿と熊の群れに満ちた大軍を率いて、矢の洪水でかき乱せぬ海を堰き止め、カークッツタはランカーの都を羅刹なき地にするであろう。
5.34.34	もし死がラーマの道に立ちはだかるとしても、あるいは阿修羅を従えた神々が立ちふさがるとしても、彼はそれらをも討つであろう。
5.34.35	高貴なる方よ、あなたに会えぬ悲嘆に浸り、ラーマは安らぎを得ない。獅子に脅かされた象のように。
5.34.36	王妃よ、ダルダラ山にかけて、根と果実にかけて、マラヤ山とヴィンディヤ山にかけて、メール山とマンダラ山にかけて誓う。
5.34.37	美しき眼、紅い唇、愛らしき耳飾りを持つラーマの顔を、昇った満月のように、あなたは必ず見るであろう。
5.34.38	ヴァイデーヒーよ、速やかにプラスラヴァナ山にて、天の頂に座すインドラのごとく座するラーマを見るであろう。
5.34.39	ラーグハヴァは肉を食べず、蜜酒も飲まない。森で整えられた食事を、常に夕刻の五番目の時に食す。
5.34.40	ラーグハヴァは体にたかる虻も蚊も虫も蛇も払わない。あなたに心を奪われたまま。
5.34.41	常に瞑想に沈み、常に悲嘆に暮れるラーマは、他の何も考えない。愛の虜となって。
5.34.42	常に眠れぬラーマは、眠りに就いても人の最上なる者として、『シーター』と甘美な声で呟きつつ目覚める。
5.34.43	果実や花、あるいは女の心を奪うものを見ては、『ああ愛しき者よ』と幾度も嘆息しながらあなたに語りかける。
5.34.44	王妃よ、常に苦悩し、『シーター』と呼び続けるあの偉大なる王子ラーグハヴァは、堅き誓いを守り、あなたを取り戻すことにのみ全力を傾けている。」
5.34.45	ラーマの名を聞いて悲しみが薄れたシーターは、ラーマの悲しみと同じ悲しみを抱き、雨季の終わりに雲の名残に見え隠れする月のように、ヴァイデーハの姫はなった。
5.35.1	満月のような顔のシーターは、ハヌマーンの言葉を聞いて、法と利に適う言葉を語った。
5.35.2	「猿よ、汝の語ったことは、毒の混じった甘露である。ラーマが心変わりしていないこと、悲嘆に暮れていること。
5.35.3	広大なる富においても、恐るべき不幸においても、運命は縄のように人を縛りつけて引きずり回す。
5.35.4	飛猿の長よ、運命はまことに抗いがたい。スミトラーの子も、私も、ラーマも、災いに惑わされている我々を見よ。
5.35.5	この悲嘆の彼岸にラーグハヴァはいつ至るのか。船を失い大海で疲れ果てて漂う者のように。
5.35.6	羅刹族を滅ぼし、ラーヴァナを討ち果たし、ランカーを根こそぎにして、夫はいつ私を見るのか。
5.35.7	『急げ』と彼に伝えよ、この一年の期限が満ちぬうちに。それまでが私の命の期限である。
5.35.8	十か月が過ぎた。残るは二か月、飛猿よ。それが残忍なるラーヴァナが私に定めた期限である。
5.35.9	弟ヴィビーシャナは私を返すよう、懸命にラーヴァナを説得したが、彼はその考えを容れない。
5.35.10	私を返すことはラーヴァナには好ましくない。時の支配に堕ちたラーヴァナを、戦場で死が待ち受けている。
5.35.11	猿よ、ヴィビーシャナの長女でアナラーという名の娘がいる。彼女が母に遣わされて、私にこのことを告げた。
5.35.12	アヴィンディヤという名の聡明で学識ある羅刹の傑物がいる。忍耐強く徳高き老人で、ラーヴァナに深く信頼されている。
5.35.13	彼はラーマから滅亡が迫っていることを羅刹たちに警告した。しかしあの邪悪な者はその忠言にも耳を貸さない。
5.35.14	猿の長よ、夫は速やかに私を取り戻すと私は信じている。私の心は清く、彼には多くの美徳がある。
5.35.15	奮起、男らしさ、剛毅、慈悲、感謝の念、勇猛、威厳、これらすべてがラーグハヴァにはある。
5.35.16	ジャナスターナで弟なしに一万四千の羅刹を討った者を、いかなる敵が恐れずにいられようか。
5.35.17	あの人中の雄牛は、いかなる災難にも揺るがない。私は彼の力を知っている、シャチーがインドラの力を知るように。
5.35.18	猿よ、矢の光線を放つ勇者ラーマ太陽は、敵なる羅刹の水を干上がらせるであろう。」
5.35.19	あなたのために悲嘆にやつれ、涙に満ちた顔で嘆くシーターに、ハヌマーンは語りかけた。
5.35.20	「私の言葉を聞けば、速やかにラーグハヴァは来るであろう。猿と熊の群れに満ちた大軍を率いて。
5.35.21	あるいは今すぐにでも汝をこの羅刹から救い出そう。非の打ちどころなき方よ、この苦しみから脱せよ、私の背に乗れ。
5.35.22	汝を背に乗せて大海を渡ってみせよう。ランカーをラーヴァナもろとも運ぶ力さえ私にはある。
5.35.23	マイティリーよ、プラスラヴァナ山に座すラーグハヴァのもとへ、今日中にあなたを届けよう。インドラに供物を届ける火のように。
5.35.24	ヴァイデーヒーよ、今日にもラーグハヴァをラクシュマナとともに見るであろう。ダイティヤ退治に赴くヴィシュヌのように決意に満ちた彼を。
5.35.25	山の頂にインドラのごとく座す、あなたとの再会に意気込む大いなる力の彼を。
5.35.26	王妃よ、私の背に乗れ。美しき方よ、ためらうな。ラーマとの合一を求めよ、ローヒニーが月を求めるように。
5.35.27	月とともにいるかのように、太陽とともにスヴァルチャラーが輝くように、私の背に乗り、空と大海を渡れ。
5.35.28	あなたをここから運び出す私に追いつく力は、ランカーの住民すべてにはない。
5.35.29	ヴァイデーヒーよ、私がここに来たように、疑いなく同じように帰ろう。あなたを抱えて空を飛んで。」
5.35.30	猿の長のその驚くべき言葉を聞いて、全身が喜びと驚きに震えたマイティリーはハヌマーンに語った。
5.35.31	「ハヌマーンよ、遥かなる道のりを。どうして私を運ぼうというのか。猿の軍勢の長よ、それこそがまさに汝の猿らしさだ。
5.35.32	小さき体の汝が、どうして私を連れ出せようか。飛猿の雄牛よ、人の中の王たる我が夫のもとへ。」
5.35.33	シーターの言葉を聞いて、栄光あるハヌマーンは風神の子として考えた。自分は侮られたのだと。
5.35.34	「黒い瞳の方は、私の真の力も威厳も知らない。ゆえにヴァイデーヒーに、望みのままの我が姿を見せよう。」
5.35.35	そう考えて、飛猿の最上なるハヌマーンは、敵を打ち砕く者として、ヴァイデーヒーに己の真の姿を見せた。
5.35.36	賢明なる飛猿の雄牛は、あの樹から跳び降り、シーターの信頼を得るために、体を大きくし始めた。
5.35.37	メール山やマンダラ山のごとく、燃え盛る火のように輝き、猿の雄牛はシーターの前に立った。
5.35.38	山のごとき猿、赤い顔、大いなる力、金剛石のような牙と爪、恐るべき姿の彼がヴァイデーヒーに言った。
5.35.39	「山と森と野を含むこのランカーを、城壁と楼門と門もろとも、守護者ごと運ぶ力が私にはある。
5.35.40	王妃よ、そのような考えを据えよ。ためらいはもう十分だ。ヴァイデーヒーよ、ラクシュマナとともにラーグハヴァの悲嘆を除け。」
5.35.41	山のごとき彼を見て、ジャナカの娘は、蓮の花弁のような大きな眼を持つ彼女が、風神の実子に語った。
5.35.42	「大猿よ、汝の剛毅と力をよく知っている。風のような速さも、火のような驚くべき威光も。
5.35.43	凡庸な他の者がこの地に来ることなどできようか。猿の雄牛よ、計り知れぬ大海の彼岸から。
5.35.44	汝に渡る力があり、私を運ぶ力があることは知っている。だが、この任務の成就のために、慎重に考えねばならない。
5.35.45	猿の長よ、私が汝とともに行くのは適切ではない。風と同じ速さの汝の疾風が私を昏倒させよう。
5.35.46	大海の上空にしがみつく私は、速く飛ぶ汝の背から恐怖のあまり落ちるであろう。
5.35.47	鰐や蛇や大魚の群れる大海に落ちた私は、無力となって、たちまち海の生き物たちの餌食となろう。
5.35.48	敵を滅ぼす者よ、汝とともに行くことはできない。妻帯の身では、汝にも疑いなく危険が及ぼう。
5.35.49	攫われゆく私を見れば、恐るべき勇猛の羅刹たちが、邪悪なるラーヴァナに命じられて追いかけてくるであろう。
5.35.50	三叉戟や棍棒を持つ勇猛な彼らに囲まれれば、勇者よ、妻を伴う汝は危地に陥ろう。
5.35.51	武装した多くの羅刹が空にあり、汝は武器を持たない。どうして戦いながら私を守ることができようか。
5.35.52	残虐な行いの羅刹たちと戦う汝の背から、恐怖に怯えた私は落ちるであろう、猿の最上よ。
5.35.53	巨大で力ある恐ろしい羅刹たちが、もし戦いで汝を破ったならば、猿の最上よ。
5.35.54	あるいは戦う汝が背を向けた隙に私が落ち、落ちた私を悪しき羅刹どもが捕らえて連れ去るかもしれぬ。
5.35.55	私を汝の手から奪い取るか、あるいは切り裂くかもしれぬ。戦いにおいて勝敗は見定めがたい。
5.35.56	羅刹どもに脅かされた私自身が死ぬことさえありえよう。猿の長よ、汝の努力は無に帰すことになる。
5.35.57	たとえ汝がすべての羅刹を討つに十分であっても、汝が羅刹を討てば、ラーグハヴァの栄光が損なわれよう。
5.35.58	あるいは羅刹たちが私を攫い、汝もラーグハヴァも猿たちも知らぬ隠れた場所に置くかもしれぬ。
5.35.59	そうなれば、私のためのこの企ては無意味となる。汝とともにラーマが来ることにこそ大いなる利がある。
5.35.60	大いなる腕の者よ、ラーグハヴァの偉大なる命は私に懸かっている。兄弟たちの命も、汝の命も、王家の命も。
5.35.61	私のために絶望し、悲嘆に焼かれたあの二人は、すべての熊と猿とともに命を絶つであろう。
5.35.62	猿の最上よ、夫への貞節を第一に、ラーマ以外の者の体に足で触れることさえ私は望まない。
5.35.63	ラーヴァナの体に触れたのは力ずくであった。主なく力なき身で、何ができようか。
5.35.64	もしラーマがここで十首の者を羅刹もろとも討ち、私を連れ帰るならば、それこそが彼にふさわしい。
5.35.65	戦場で敵を打ち砕くあの偉大なる方の勇猛を、私は聞き知り、また目にしてきた。神もガンダルヴァも蛇も羅刹も、戦いでラーマに匹敵する者はない。
5.35.66	美しき弓を持ち、大いなる力とインドラに等しい勇猛を備えたラーグハヴァを、ラクシュマナとともに戦場で見れば、誰が耐えられようか。風に煽られた燃え盛る火のように。
5.35.67	ラクシュマナを伴い、戦場で敵を砕くラーグハヴァは、勢い立つ方位の象のごとく、世の終わりの太陽のごとく矢の炎を放つ。猿の長よ、戦いで誰がそれに耐えられようか。
5.35.68	猿の長よ、ラクシュマナとともに我が夫を、軍勢の長とともに速やかにここに導け。長き悲嘆にやつれた私を喜ばせよ。」
5.36.1	そこで猿たちの虎ハヌマーンは、その言葉に喜び、シーターの言葉を聞き終えて、言葉に巧みな彼が答えた。
5.36.2	「王妃よ、美しき姿の方よ、汝の語ったことはまことにふさわしい。女の性に、貞女の慎みにかなっている。
5.36.3	まことに女の身では、百ヨージャナに広がる大海を、私に乗って渡ることは容易ではない。
5.36.4	慎み深き方よ、汝が語った第二の理由、すなわちラーマ以外の者に触れることはできないということ、ジャーナキーよ。
5.36.5	王妃よ、それはあの偉大なる方の妻にまことにふさわしい。汝をおいて他の誰が、そのような言葉を語れようか。
5.36.6	カークッツタはすべてを残らず聞くであろう。王妃よ、汝が行ったことも、私の前で語ったことも。
5.36.7	王妃よ、ラーマへの愛を成就したい思いから、愛情にあふれた心で、私はこのことを申し上げたのだ。多くの理由から。
5.36.8	ランカーへの侵入の困難さ、大海の渡りがたさ、そして己の力を頼みとして、私はこのことを申し述べた。
5.36.9	ラグ族の主のもとへ汝を連れ帰りたいと願う、親しみと敬愛からであり、他意はない。
5.36.10	非の打ちどころなき方よ、もし私とともに行くことを望まぬのであれば、ラーグハヴァが認識できる証を私にお与えください。」
5.36.11	ハヌマーンにそう言われて、天女のようなシーターは、涙で詰まった声で、ゆっくりと語った。
5.36.12	「我が愛しき方に伝えるべき最上の証をお伝えする。チトラクータ山の東北の麓で、かつてのこと。
5.36.13	苦行者の庵がある、根や果実の豊かな水辺で、あのシッダーシュラマの地で、マンダーキニー河のほとりで、
5.36.14	さまざまな花の香る園林で遊んだ後、水に濡れた体で、あなたの膝に座った。
5.36.15	やがてバラタの兄は、私の膝で交代に眠りについた。
5.36.16	するとそこへ肉を食らう烏が、私をつつき始めた。私は土くれを投げてその烏を追い払った。
5.36.17	だがその烏は私を傷つけつつ、同じ場所に居座り、食物を得んとする施食の鳥として、肉を啄むのをやめなかった。
5.36.18	帯を引き上げ、鳥に怒る私の、衣がずり落ちた姿を、あなたに見られた。
5.36.19	笑われた私は怒り、恥ずかしくなった。食に飢えた烏に傷つけられ、あなたのもとへ駆け寄った。
5.36.20	疲れた私は、あなたの膝に再び身を寄せた。怒る私を、喜びに満ちたあなたがなだめてくれた。
5.36.21	涙に濡れた顔で、ゆっくりと眼を拭う私の姿を、夫よ、あなたは見て取った。烏に怒らされた私を。
5.36.22	怒れる毒蛇のように荒い息を吐きながら、あなたはこう言った。『象の鼻のような腿を持つ方よ、誰が汝の胸の間を傷つけたのか。五つの頭を持つ怒れる蛇と戯れるのは誰か。』
5.36.23	そして見回したあなたは、あの烏が鋭い爪に血をつけ、私の正面に立っているのを見つけた。
5.36.24	それはインドラの子たる烏、鳥の中の最上の者であり、地中を駆け、風と同じ速さを持っていた。
5.36.25	大いなる腕の彼は怒りに眼を赤くし、あの烏に対して恐るべき意志を固めた、智者の中の最上なる者として。
5.36.26	ダルバ草の敷物から一本の草を取り、ブラフマーの武器をそれに込めた。燃える世の終わりの火のように、それは烏に向かって燃え上がった。
5.36.27	燃え盛るその草の矢を烏に向けて放った。追い立てられたその烏は、あらゆる方角にさまよった。命を惜しみ、全世界をくまなく駆け回った。
5.36.28	父インドラにも見捨てられ、すべての神々にも大聖仙たちにも見捨てられ、三界を巡り巡って、ついにあなたのもとに庇護を求めて来た。
5.36.29	地に伏し、庇護に値する方の庇護を求めて来たその者を、カークッツタよ、殺すに値する者であったが、あなたは慈悲をもって赦した。三界に安らぎを見出せず、あなたのもとに帰ってきた者を。
5.36.30	意気消沈し、落胆して戻ってきたその者に、あなたはこう言った。『ブラフマーの武器を空しくすることはできぬ。ならば何を差し出すか言え。』
5.36.31	そしてその烏の右の眼を武器が打ち砕いた。
5.36.32	あの烏はあなたとダシャラタ王に敬礼し、勇者よ、あなたに赦されて己の住処に帰っていった。
5.36.33	一羽の烏のためにさえブラフマーの武器を発動したあなたが、なぜ私を攫った者を耐え忍ぶのか、大地の主よ。
5.36.34	人の中の雄牛よ、大いなる奮起と慈悲を私に示してほしい。非暴力こそ最高の法であると、あなた自身から私は聞いたのだ。
5.36.35	大いなる勇猛、大いなる奮起、大いなる力を持つあなたを、私は知っている。果てなく揺るがぬ大海のごとき深遠さ、海に囲まれた大地の主、インドラに等しき夫を。
5.36.36	このように武器に通じた者の中の最上たるあなたが、剛毅にして力あるにもかかわらず、なぜ羅刹どもに武器を向けないのか、ラーグハヴァよ。
5.36.37	龍もガンダルヴァも、阿修羅もマルト神群も、戦いでラーマの猛攻に耐えることはできない。
5.36.38	あの勇猛なる方に、もし私への思いがあるならば、なぜ鋭い矢で羅刹どもを滅ぼさないのか。
5.36.39	兄の命を受けて敵を焼くラクシュマナもまた、なぜいかなる理由で、大いなる力の勇者が私を救い出さないのか。
5.36.40	風やインドラに等しい威光のあの二人の虎のような人が、神々にさえ打ち破れぬ者が、なぜ私を見捨てるのか。
5.36.41	私自身に何か大きな罪業があるに違いない。力ある二人が私を顧みないのだから、あの敵を焼く二人が。
5.36.42	叡智ある方が世界の主を生んだカウサリヤーに、私のことで安否を尋ね、頭を垂れて敬礼を伝えよ。
5.36.43	宝石の首飾り、愛しき美女たち、広大なる大地の王権さえも得がたいものであるが、
5.36.44	父母を敬い喜ばせた上で、スミトラーの子ラクシュマナは、ラーマに随行した。法を重んじる彼は、至上の幸福を捨て、従順をもって。
5.36.45	カークッツタに従い、森で兄を守る。獅子のような肩、大いなる腕、気高き心、見目麗しき彼が。
5.36.46	ラーマには父のように仕え、私には母のように接する。だが攫われゆく私を、あの勇者ラクシュマナは知らなかった。
5.36.47	年長者に仕え、栄光に輝き、有能にして多弁ならず。王子にして最も愛される者、我が舅に似た方。
5.36.48	私よりも常に愛される兄弟、ラーマのラクシュマナ。任せられた重荷を力強く担う。
5.36.49	彼を見れば、ラーグハヴァは老いたる高貴な者を思い出すこともない。猿よ、私のために安否を問い、私からの言葉を伝えてほしい。常に優しく清潔で有能な、ラーマに愛されるラクシュマナに。
5.36.50	こう伝えよ、我が主なる勇者ラーマに、幾度も。『ダシャラタの子よ、私は一か月は命を保とう。一か月を過ぎれば生きてはいまい。これは真実をもって言う。』
5.36.51	悪業の卑劣なるラーヴァナに囚われた私を、勇者よ、救い出してほしい。地底からカウシキー河を救うように。」
5.36.52	そしてシーターは、衣に包まれた神聖なる美しきチューダーマニ（頂の宝珠）を解き、ラーグハヴァに渡すようにとハヌマーンに手渡した。
5.36.53	勇者ハヌマーンはその比類なき宝珠を受け取り、指にはめた。彼の腕には大きすぎたからではなく、宝珠が小さかったのだ。
5.36.54	猿の長は宝珠を受け取り、敬礼し、シーターを右回りに巡って、傍らにかしこまって立った。
5.36.55	シーターとの面会に生まれた大いなる喜びに満たされ、心はすでにラーマのもとへ飛んでいたが、体はまだそこに留まっていた。
5.36.56	偉大なる価値のある宝珠を受け取って、ジャナカ王の娘に長く保たれたその宝珠の威光をもつ彼は、大山の風に吹かれて解き放たれた者のように、喜びに満ちた心で帰路についた。
5.37.1	チューダーマニを渡した後、シーターはハヌマーンに語った。「これはラーマへの確かな証である。まことにこれを見ればラーマは認識するであろう。
5.37.2	この宝珠を見れば、ラーマは三人のことを思い出すであろう。勇者は、母のこと、私のこと、そしてダシャラタ王のことを。
5.37.3	猿の最上よ、汝はさらなる奮起を促されている。この事業の遂行にあたり、次に何をなすべきか考えよ。
5.37.4	猿の最上よ、汝はこの任務遂行の基準である。苦しみを終わらせる方策を考えてほしい。」
5.37.5	「必ず」と誓い、恐るべき勇猛のマールティは、ヴァイデーヒーに頭を下げて拝し、出発の準備を始めた。
5.37.6	風神の子たる猿が出発しようとするのを知り、マイティリーは涙に詰まった声で言葉を述べた。
5.37.7	「ハヌマーンよ、ラーマとラクシュマナの両名、大臣を伴うスグリーヴァ、そしてすべての年長の猿たちに安否を伝えよ。
5.37.8	大いなる腕のラーグハヴァが、この苦しみの大水から私を救い出すよう、汝が取り計らってほしい。
5.37.9	名高きラーマが、生きている私を思い出してくれるよう、ハヌマーンよ、汝がそれを伝えることで法を得よ。
5.37.10	常に奮起を促す私の言葉を聞けば、ダーシャラティの私を取り戻す男らしさは増すであろう。
5.37.11	汝からの私の伝言とともに私の言葉を聞けば、ラーグハヴァは勇猛の方策を法にかなって講じるであろう。」
5.37.12	シーターの言葉を聞いて、ハヌマーンは風神の子として、頭上に合掌を捧げ、さらなる言葉を述べた。
5.37.13	「カークッツタは速やかに来るであろう、猿と熊の勇者たちに囲まれて。戦いで敵を破り、汝の悲嘆を取り除く方が。
5.37.14	人間にも、天の不死者にも、阿修羅にも、矢を放つ彼の前に立ちはだかる者はいない。
5.37.15	太陽をも、雷雲をも、閻魔王をも、彼は戦いで耐え忍ぶことができる。まして汝のためにおいてをや。
5.37.16	海に囲まれた大地を統べんとする彼にとって、ジャナカの姫よ、汝ゆえにこそラーマの勝利がある。」
5.37.17	正しく真実で見事なその言葉を聞いて、ジャーナキーはそれを深く重んじ、さらに言葉を述べた。
5.37.18	出発するハヌマーンを幾度も見つめながら、シーターは夫への愛を込めた言葉を、親愛の情から語った。
5.37.19	「もし良ければ、勇者よ、敵を打つ者よ、一日だけ留まってほしい。どこか隠れた場所で休息し、明日出発してほしい。
5.37.20	薄幸の私にとって、力ある汝がそばにいてくれることで、この大いなる悲嘆から一時の解放があるのだ。
5.37.21	猿の虎よ、汝が再び来ることを期して去った後、私の命さえ危うくなるかもしれぬ、疑いなく。
5.37.22	汝に会えぬ悲しみが再び私を焼くであろう。苦しみの上に苦しみを重ねる私を、火のように、猿よ。
5.37.23	勇者よ、この大いなる疑念が私の前に立ちはだかっている。猿と熊の王よ、汝の仲間である猿と熊の軍勢について。
5.37.24	渡りがたき大海を、あの猿と熊の軍勢はどうやって渡るのか。あの二人の王子たちは。
5.37.25	三種の者だけがこの大海を跳び越える力を持つ。ヴィナター（ガルダ）と、汝と、風神と。
5.37.26	この困難極まる任務の遂行において、勇者よ、いかなる方策を見出すのか。汝は任務に通じた者の中の最上である。
5.37.27	たとえ汝一人でもこの任務の成就に十分であるかもしれない、敵の勇者を打つ者よ。汝の力の高まりこそ栄誉である。
5.37.28	だが、もしラーヴァナを戦いで破り、勝利者として己の都に帰るならば、それこそが私の誉れとなろう。
5.37.29	敵の軍勢を打ち砕く方が、軍勢を率いてランカーを満たし、私を連れ帰るならば、それこそがカークッツタにふさわしい。
5.37.30	偉大なる方の勇猛にふさわしく、戦いの勇者にふさわしい方法で、汝が取り計らってほしい。」
5.37.31	その道理に適い、意味を含み、論理にかなった言葉を聞いて、ハヌマーンはさらなる言葉を述べた。
5.37.32	「王妃よ、猿と熊の軍勢の主にして飛猿の最上たるスグリーヴァは、剛毅に満ち、あなたのために決意を固めている。
5.37.33	数千万の猿に囲まれたスグリーヴァは、ヴァイデーヒーよ、速やかに来るであろう、羅刹どもを滅ぼすために。
5.37.34	勇猛に恵まれ、剛毅あり、大いなる力を持つ猿たちが、彼の命のもとに立っている。思いのままに飛翔する者たちが。
5.37.35	上にも下にも横にも、その歩みを阻むものなく、大いなる事業にも怯まぬ、計り知れぬ威光の者たち。
5.37.36	大いなる奮起を持つ彼らによって、海と山を含む大地が、風の道を辿り、幾度も右回りに巡られた。
5.37.37	私と同等あるいはそれ以上の森の住人がそこにはいる。スグリーヴァのもとに、私より劣る者は一人もいない。
5.37.38	この私でさえここに来ることができた。まして大いなる力の彼らにおいてをや。優れた者は使者に遣わされない。遣わされるのはそれ以下の者たちだ。
5.37.39	それゆえ嘆くに及ばない。王妃よ、悲しみよ去れ。一跳びでランカーに猿の軍勢の長たちが来るであろう。
5.37.40	昇った太陽と月のように、大いなる剛毅のあの二人の人中の獅子が、私の背後にあなたのもとへ来るであろう。
5.37.41	勇猛なるラーマとラクシュマナの二人は、ランカーの都に来て、矢をもって散らすであろう。
5.37.42	ラグ族の喜びラーグハヴァは、ラーヴァナを眷属もろとも討ち、美しき方よ、あなたを連れて己の都に帰るであろう。
5.37.43	それゆえ安心されよ、幸あれ。時を待つ者となれ。間もなくラーマを見るであろう、燃え盛る火のように輝く方を。
5.37.44	羅刹の王が息子、大臣、眷属もろとも討たれれば、汝はラーマと再会するであろう、ローヒニーが月と再会するように。
5.37.45	王妃よ、速やかに汝は悲嘆の彼岸に至るであろう、マイティリーよ。間もなくラーマによって討たれたラーヴァナを見るであろう。」
5.37.46	こうしてヴァイデーヒーを慰め、ハヌマーンは風神の子として、出発を決意し、ヴァイデーヒーに再び語った。
5.37.47	「敵を打つ者、自己を極めた者、ラーグハヴァを速やかに見るであろう。弓を手にしたラクシュマナが、ランカーの門前に立つのを。
5.37.48	牙と爪を武器とし、獅子と虎のごとき勇猛の猿たちを、象のごとき猿の勇者たちを、速やかに集結したさまを見るであろう。
5.37.49	高貴なる方よ、ランカーのマラヤ山の尾根に、山や雲のような猿の長たちが、幾群れも吠え猛る姿を。
5.37.50	恋の矢の急所を痛烈に射貫かれたラーマは、安らぎを得ない。獅子に脅かされた象のように。
5.37.51	王妃よ、泣くな。心に不安を抱くな。シャチーがインドラに守られるように、汝は夫に守られている。
5.37.52	ラーマより優れた者が他に誰かいようか。ラクシュマナに匹敵する者が誰かいようか。火と風のごときあの兄弟こそ汝の拠り所である。
5.37.53	王妃よ、羅刹たちが跋扈する恐るべきこの地に、汝は長くは留まるまい。愛しき方の到来は遠くない。私と再会するまでの間、耐え忍んでほしい。」
5.38.1	偉大なる風神の子の言葉を聞いて、天女のようなシーターは、己の利にかなう言葉を語った。
5.38.2	「愛しき言葉を語る汝を見て、猿よ、私は喜びに満たされる。半ば実った穀物の大地が雨を得たように。
5.38.3	猿の軍勢の長よ、あの人中の虎に、悲嘆にやつれたこの体で触れたいと願う私に、慈悲を垂れよ。
5.38.4	ラーマへの証として渡したものがある。怒りから烏の片目を奪った、投じられた草の矢のこと。
5.38.5	マナッシラー（赤い鉱石）のティラカ印が頬のそばに描かれた。汝がいないとき消えたそのティラカ印のことを、彼は思い出してくれるはずだ。
5.38.6	あの勇猛なる方よ、攫われたシーターをどうして許しておくのか。マヘーンドラやヴァルナに等しき方よ。
5.38.7	この神聖なるチューダーマニは私が大切に守ってきた。これを見れば、苦難の中で汝を見るように私は喜ぶ、罪なき方よ。
5.38.8	この栄光ある水中より生まれた宝珠を汝に託した。これ以上、悲嘆に溺れて生きることは私にはできない。
5.38.9	恐ろしき羅刹女たちの耐えがたい苦しみも、心を裂く言葉も、汝のために私は堪え忍ぶ。
5.38.10	敵を滅ぼす者よ、一か月は命を保とう。一か月を過ぎれば、汝なき王子よ、生きてはいまい。
5.38.11	恐ろしき羅刹王の視線は私にとって不快である。汝が苦しんでいると聞けば、一瞬たりとも生きてはいまい。」
5.38.12	涙を交えた哀切なるヴァイデーヒーの言葉を聞いて、大いなる威光のハヌマーンは風神の子として語った。
5.38.13	「王妃よ、汝への悲嘆に暮れるラーマを、真実にかけて誓う。ラーマが悲嘆に打ちのめされれば、ラクシュマナもまた苦悩する。
5.38.14	ともかくもあなたは見出された。嘆き悲しむ時ではない。美しき方よ、この瞬間にも苦しみの終わりを見るであろう。
5.38.15	あの二人の非の打ちどころなき王子、人中の虎は、あなたとの再会に意気込み、ランカーを灰燼に帰すであろう。
5.38.16	残忍なるラーヴァナを眷属もろとも戦いで討ち果たし、大きな眼の方よ、ラーグハヴァ兄弟があなたを己の都に連れ帰るであろう。
5.38.17	非の打ちどころなき方よ、ラーマが認識でき、彼に喜びを生む証を、もう一つ与えてほしい。」
5.38.18	シーターは答えた。「すでに最上の証を渡した。ラーマがこの私の髪飾りの宝珠を見れば、ハヌマーンよ、汝の言葉は勇者にとって信ずべきものとなろう。」
5.38.19	栄光ある飛猿の最上たる彼は、あの宝珠を受け取り、王妃に頭を下げて拝し、出発の準備を始めた。
5.38.20	飛び立とうとする意気に満ちた猿の雄牛がますます大きくなるのを見て、ジャナカの娘は涙に満ちた顔で、悲痛な声でこう言った。
5.38.21	「ハヌマーンよ、獅子のようなラーマとラクシュマナの兄弟に、大臣を伴うスグリーヴァに、すべての者に安寧を伝えよ。
5.38.22	大いなる腕のラーグハヴァが、この苦しみの大水から私を救い出すよう、取り計らってほしい。
5.38.23	この激しい悲嘆の勢いと、これら羅刹たちによる脅迫を、ラーマのもとに行って伝えてほしい。猿の勇者よ、汝の道に幸あれ。」
5.38.24	王女から使命を受けた猿は、目的を果たし、喜びに満ちた心で、まだ成すべきわずかな仕事の残りを見定め、心は北の方角へ向かった。
5.39.1	称賛の言葉で彼女に敬意を表され、出発しようとしていた猿は、その場を離れながら思案した。
5.39.2	「この任務はほぼ達成された。黒い瞳の方を発見した。三つの方策を超えて、ここでは第四の方策（武力）が適切と見える。
5.39.3	羅刹どもに対して懐柔は効かず、財に恵まれた者たちに贈与は通じず、力に驕る者たちは離間では従わない。ここでは武力こそ私の好むところだ。
5.39.4	武力なくして、この任務の解決はあり得ない。戦いで勇士を失った羅刹どもこそ、今日ここで何らかの和解を求めるかもしれぬ。
5.39.5	一つの任務に命じられた者が、多くのことを成し遂げるならば、先の任務と矛盾しない限り、それをなすべきである。
5.39.6	小さな仕事においてさえ、一つの手段だけでは不十分だ。目的を多角的に知る者こそ、その達成に適している。
5.39.7	ここで決意を固めた上で、猿の王のもとへ帰れば、敵と味方の衝突の真相を知る者として、主の命令は果たされたことになろう。
5.39.8	羅刹どもとの力ずくの戦いが、今日どうすれば好都合となるか。そうすれば己の力の真価を示せよう。十首の者も戦場で私を相手にせざるを得まい。
5.39.9	この残忍な者の、ナンダナ園にも匹敵する最上の園林は、目にも心にも快く、様々な樹木と蔓草に満ちている。
5.39.10	これを火が枯れた森を焼くように破壊しよう。これが壊されれば、ラーヴァナは怒りを発するであろう。
5.39.11	そうなれば羅刹王は、馬と大戦車と象を備えた大軍を、三叉戟と鉄棒と戦斧で武装させて差し向けるだろう。そして大いなる戦いが始まる。
5.39.12	そして私は、猛烈な勇猛を持つ羅刹どもと、阻むもののない力をもって戦い、ラーヴァナが差し向けた軍勢を打ち倒し、悠々と猿の王のもとへ帰ろう。」
5.39.13	風のように怒り狂うマールティは、恐るべき勇猛をもって、大いなる腿の力で樹木をなぎ倒し始めた。
5.39.14	そして勇者ハヌマーンは、酔った鳥たちが歌い、様々な樹木と蔓草に満ちたその歓楽の園を打ち壊した。
5.39.15	その園は、なぎ倒された樹木、壊された池、粉砕された岩山の頂によって、見るも無残な姿となった。
5.39.16	蔓の館や色鮮やかな館は壊され、大蛇や獣は追い散らされ、石造りの館は粉砕され、その大いなる園はもはや原形をとどめなかった。
5.39.17	あの財の主の心に大いなる不快を与えた大猿は、多くの大いなる力の者たちと一人で戦おうと、栄光に輝きながら門楼に陣取った。
5.40.1	鳥の鳴き声と樹木の折れる音によって、ランカーの住民はみな恐怖と混乱に陥った。
5.40.2	怯えた鳥獣は逃げ惑い、鳴き声をあげた。羅刹たちにとっての凶兆が次々と現れた。
5.40.3	眠りから覚めた醜い顔の羅刹女たちは、破壊された園と、そこに立つ勇猛な大猿を見た。
5.40.4	大いなる腕、大いなる剛毅、大いなる力を持つ彼は、羅刹女たちを恐れさせる巨大な姿をとった。
5.40.5	山のように巨大で、途方もなく大きく、大いなる力を持つその猿を見て、羅刹女たちはジャナカの娘に尋ねた。
5.40.6	「これは何者か。誰の者か。どこから来た。何の目的でここに来た。この者とどのような会話をしたのか。
5.40.7	大きな眼の方よ、我々に告げよ。幸運な方よ、恐れることはない。黒い目尻の方よ、この者は汝と何をしたのか。」
5.40.8	美しき肢体のシーターは貞女として答えた。「意のままに姿を変える羅刹族のことを見分ける術が、私にどうしてあろうか。
5.40.9	汝らこそこの者が何者で何をしようとしているのか知るべきだ。蛇の足を知るのは蛇だけであるように。」
5.40.10	「私もこの者を恐れている。何者かわからない。姿を変える羅刹がやって来たのだと思う。」
5.40.11	ヴァイデーヒーの言葉を聞いて、羅刹女たちは急いで散った。ある者はその場に留まり、ある者はラーヴァナに報告しに走った。
5.40.12	醜い顔の羅刹女たちが、ラーヴァナのもとで、異形にして恐るべき猿について報告し始めた。
5.40.13	「大王よ、アショーカの園の中に、恐ろしき姿の猿がおります。計り知れぬ勇猛の者で、シーターと語らい、立っております。
5.40.14	鹿のような眼のシーター・ジャーナキーは、我々が何度尋ねても、あの猿のことを明かそうとしません。
5.40.15	インドラの使者か、クベーラの使者か、あるいはラーマがシーター探索の望みをもって遣わした者かもしれません。
5.40.16	あの異形の者によって、あなたの心を楽しませる、様々な獣に満ちた歓楽の園が蹂躙されました。
5.40.17	彼に破壊されなかった場所はどこにもありません。ただしシーター・ジャーナキーのいる場所だけは破壊されていません。
5.40.18	ジャーナキーを守るためか、疲れてそこまで手が回らなかったのか。いや、あの者にとって疲れなどないでしょう。まさにシーターを守ったのです。
5.40.19	美しい花と葉に覆われた、シーターが身を寄せていたあの大きなシンシュパー樹もまた、彼に守られていました。
5.40.20	恐ろしき姿のあの者に、恐ろしき罰を下してください。シーターと語らい、あの園を破壊した者に。
5.40.21	羅刹の群れの主よ、あなたの心に選ばれたシーターに、命を捨てた覚悟の者でなければ、誰が話しかけられようか。」
5.40.22	羅刹女たちの言葉を聞いて、羅刹の王ラーヴァナは、怒りに眼を赤く染め、供物を受けた火のように燃え上がった。
5.40.23	大いなる威光の彼は、己に匹敵する勇士キンカラと呼ばれる羅刹たちに、ハヌマーンの捕縛を命じた。
5.40.24	敏捷なる八万のキンカラたちが、鉄槌と棍棒を手に、あの宮殿から出撃した。
5.40.25	大きな腹、大きな牙、恐ろしき姿、大いなる力を持ち、すべてが戦意に燃え、ハヌマーン捕縛を目指していた。
5.40.26	門楼に陣取るあの猿に、大いなる速さで襲いかかった。火に飛び込む蛾のように。
5.40.27	色鮮やかな棍棒、金の腕輪をはめた鉄棒、太陽のように輝く矢で、猿の長を打ち据えた。
5.40.28	だがハヌマーンもまた、威光に満ちた山のような栄光の持ち主として、地上で尾を振り回し、大いなる声で吠えた。
5.40.29	彼の咆哮の響きに、彼らは恐怖と疑念に駆られた。そして夕暮れの雲のように聳え立つハヌマーンを見た。
5.40.30	主の命に忠実な羅刹たちは、恐れることなく、鮮やかな武器で猿にあらゆる方向から襲いかかった。
5.40.31	勇者たちに四方から囲まれた大いなる力の彼は、門楼に立てかけてあった恐ろしき鉄の棍棒を手にした。
5.40.32	その棍棒をつかみ、夜の遊行者たちを打ち殺した。
5.40.33	ヴィナターの子（ガルダ）がのたうつ蛇をつかむように、マールティは棍棒をつかんで空中を駆け巡った。
5.40.34	風神の子たる勇者はキンカラの羅刹たちを討ち果たし、さらなる戦いを求めて再び門楼に立った。
5.40.35	そこで恐怖から逃れた数人の羅刹が、キンカラたちの全滅をラーヴァナに報告した。
5.40.36	羅刹たちの大軍の壊滅を聞いて、王は眼をひっくり返し、武勇において比類なく戦場で打ち破りがたい、プラハスタの子を差し向けた。
5.41.1	キンカラたちを討ち果たしたハヌマーンは思案した。「園は壊したが、祭祀殿はまだ壊していない。ゆえにこの殿堂も破壊しよう。」
5.41.2	そう考えたハヌマーンは、力を見せつけながら、メール山の峰のように聳える祭祀殿に跳び上がった。猿の長ハヌマーンは風神の子として。
5.41.3	不敵なる彼は、高くそびえる祭祀殿を踏みにじり、パーリジャータ樹のごとく栄光に燃え輝いた。
5.41.4	巨大な姿となったハヌマーンは、風神の子として、大胆にも体を打ち鳴らし、ランカーを轟音で満たした。
5.41.5	その耳をつんざく大音響により、鳥たちは空から落ち、彼は高らかにこう叫んだ。
5.41.6	「無敵のラーマに勝利あれ！大いなる力のラクシュマナに勝利あれ！ラーグハヴァに守られし王スグリーヴァに勝利あれ！
5.41.7	私はコーサラの主、たゆまぬ行為のラーマの僕である。ハヌマーン、敵軍の殲滅者、風神の子なり。
5.41.8	千のラーヴァナでさえ、戦いで私に敵う者はない。岩と樹木を幾千と投げつける私に。
5.41.9	ランカーの都を蹂躙し、マイティリーに拝礼して、目的を果たした私は、すべての羅刹が見守る中を帰ろう。」
5.41.10	こう言って、祭祀殿の上に立つ猿の雄牛は、恐るべき咆哮を轟かせ、羅刹たちに恐怖を生んだ。
5.41.11	その大音響に、百人の祭祀殿の番人たちが、様々な武器、槍、剣、斧を手にして駆けつけ、マールティを取り囲んだ。
5.41.12	ガンジス河の水の大きな渦のように、羅刹の群れが猿の長を取り囲んで輝いた。
5.41.13	風の子は怒り、恐ろしき姿をとった。
5.41.14	ハヌマーンは風神の子として、あの大殿堂の金で飾られた柱を力ずくで引き抜き、大いなる力で何百もの面を持つそれを振り回した。
5.41.15	インドラが金剛杵で阿修羅を討つように、百人の羅刹を殺した栄光ある彼は、空中に立ってこう言った。
5.41.16	「スグリーヴァの配下にある、大いなる魂の、力ある猿の王たちが何千と放たれている、私のような者たちが。
5.41.17	数百、数十万、数千万、数億をもって、スグリーヴァは来るであろう、汝らすべてを滅ぼす者として。
5.41.18	偉大なるイクシュヴァーク族の主と敵対した以上、このランカーの都もなく、汝らもなく、ラーヴァナもまたいなくなるであろう。」
5.42.1	羅刹の王に命じられ、プラハスタの子、大牙のジャンブマーリンが、弓を手に出撃した。
5.42.2	赤い花環と衣をまとい、美しい耳飾りをつけ、大きく見開いた眼、猛烈にして戦場で打ち破りがたい者。
5.42.3	インドラの虹のように巨大で美しい矢を備えた弓を、金剛と雷鳴のような音を立てて引き絞った。
5.42.4	その弓の大いなる引き絞りの轟音が、たちまち四方八方と天空を満たした。
5.42.5	驢馬に牽かれた戦車で来る彼を見て、ハヌマーンは速さに満ち、歓喜して咆哮した。
5.42.6	門楼の上に立つ大猿ハヌマーンに、大いなる腕のジャンブマーリンが鋭い矢を射かけた。
5.42.7	半月形の矢で顔を、一本の鏃矢で頭を射た。さらに十本の鋼鉄の矢で両腕を射た、あの猿の王を。
5.42.8	矢に射られた彼の赤い顔は、秋に咲く蓮が太陽の光に貫かれたように美しく輝いた。
5.42.9	羅刹の矢に打たれた大猿は怒り、傍らに巨大な岩を見つけた。
5.42.10	力強くそれを引き抜き、力任せに投げつけた。怒った羅刹は十本の矢でそれを砕いた。
5.42.11	岩の攻撃が失敗したのを見て、猛烈な勇猛のハヌマーンは、大きなサーラ樹を引き抜き、力をもって振り回した。
5.42.12	サーラ樹を振り回す大いなる力の猿を見て、大いなる力のジャンブマーリンは多くの矢を放った。
5.42.13	四本でサーラ樹を砕き、五本で猿の腕を、一本で胸を、十本で胸の間を射た。
5.42.14	矢に満ちた体で大いなる怒りに包まれた彼は、あの鉄棒を再びつかみ、素早く振り回した。
5.42.15	超絶の速さの、力に満ちた彼は、棍棒を振り回してジャンブマーリンの胸に叩きつけた。
5.42.16	彼の首も腕も膝もなくなり、弓も戦車も馬も矢も見えなくなった。
5.42.17	素早さで討たれた大戦車戦士ジャンブマーリンは、装身具を粉砕されて地に倒れた。
5.42.18	ジャンブマーリンと大いなる力のキンカラたちが討たれたことを聞いて、ラーヴァナは怒りに眼を赤く染めた。
5.42.19	大いなる力のプラハスタの子が討たれたのを聞いて、怒りに眼を赤く染めた羅刹王は、超絶の勇猛を持つ大臣の息子たちを差し向けた。
5.43.1	そこで羅刹の王に命じられた大臣の息子たち七人が、七つの火のごとき輝きをもって、あの宮殿から出撃した。
5.43.2	大いなる力の従者を率い、弓を手にした大いなる力の者たち。武器に熟達した最上の者たち、互いに勝利を競い合う者たち。
5.43.3	金の網で覆われ、旗と幟を立て、雷雲のような轟音を発する馬に牽かれた大戦車に乗って。
5.43.4	焼き上げた黄金で飾られた弓を、無限の勇猛の者たちが引き絞りながら、稲妻を帯びた雲のように勇んでいた。
5.43.5	キンカラたちが討たれたことを知った彼らの母たちは、親族や友人ともども、悲嘆と混乱に陥った。
5.43.6	互いに競い合い、焼き上げた黄金の装飾を身につけた彼らは、門楼に陣取るハヌマーンに突撃した。
5.43.7	戦車の轟音とともに矢の雨を降らせる羅刹の雄牛たちは、雨を降らせる雲のように動き回った。
5.43.8	矢の嵐に覆われたハヌマーンは、雨に覆われた山の王のようになった。
5.43.9	だが素早き猿は空中で彼らの矢をかわし、勇者たちの戦車の速度さえもかわして、澄み渡る空を駆け巡った。
5.43.10	弓を持つ彼らと戯れる勇者は空中で輝いた。弓を持つ雲と戯れる風のように。
5.43.11	恐ろしき咆哮を放って大軍を震え上がらせ、ハヌマーンは勇猛をもって羅刹たちに襲いかかった。
5.43.12	掌である者を打ち、足である者を踏み倒し、拳である者を殴り、爪である者を引き裂いた。
5.43.13	胸である者を押し潰し、腿で別の者を倒した。彼の咆哮だけでその場に倒れ伏す者もいた。
5.43.14	こうして倒れ、地に伏した彼らを前に、全軍は恐怖に駆られて十方に逃げ散った。
5.43.15	象は調子外れに鳴き、馬は地に倒れ、破壊された座台と旗と傘を持つ戦車が大地を覆った。
5.43.16	あの強大な猿、猛烈な勇猛の猿は、増長した羅刹たちを討ち果たし、他の羅刹と戦おうと、再びあの門楼に戻った。
5.44.1	大いなる魂の猿に大臣の息子たちが討たれたことを知ったラーヴァナは、表情を変えず、最上の策を講じた。
5.44.2	彼は十首の者として、ヴィルーパークシャ、ユーパークシャ、ドゥルダラ、プラガサ、バーサカルナの五人の軍団長を選んだ。
5.44.3	戦略に通じた勇者たちに、ハヌマーン捕縛を急がせ、戦場で風のごとき速さを持つ者たちに命じた。
5.44.4	「全軍の先頭に立て、大いなる力の従者とともに。馬と戦車と象を率いて、あの猿を制圧せよ。」
5.44.5	「あの森の住人と相対したとき、時と場に応じた行動をとるべきである。
5.44.6	あの猿を凡庸な者とは思わない。その行動を推し量るに、あらゆる点であれは大いなる力を備えた超自然の存在であろう。インドラが苦行の力をもって我々に向けて放ったのかもしれぬ。
5.44.7	龍、ヤクシャ、ガンダルヴァ、神、阿修羅、大聖仙ら、すべて汝らと我が力を合わせて打ち破ってきた。
5.44.8	彼らが何らかの報復を企てているに違いない。それゆえ疑いなく、力をもって捕らえよ。
5.44.9	残忍な勇猛のあの猿を侮ってはならぬ。大いなる力を持つ素早い猿たちを私は見たことがある。
5.44.10	ヴァーリンも、スグリーヴァも、大いなる力のジャーンバヴァーンも、将軍ニーラも、ドゥヴィヴィダなどの者たちもいる。
5.44.11	だがそのいずれにも、これほどの恐ろしき歩みも威光も勇猛も、知恵も力への意気込みも、姿の構えもない。
5.44.12	これは猿の姿をとった大いなる存在と知るべきだ。大いなる努力を傾けて、この者を制圧せよ。
5.44.13	たとえインドラを含む三界の、阿修羅も人間も含むすべての者が、汝らの前に戦場で立ちはだかるとも、敵うまい。
5.44.14	それでもなお、戦略を知る者として戦場での勝利を望むならば、己を慎重に守れ。戦の成否は移ろいやすい。」
5.44.15	主の言葉を受けた大いなる力の彼らは全員、火のごとき威光をもって大いなる速さで出撃した。
5.44.16	戦車、狂象、速駆の馬、様々な鋭い武器、あらゆる軍勢を備えて。
5.44.17	そして勇者たちは、輝く大猿を見た。昇る太陽のように、己の威光の光環をまとって。
5.44.18	門楼に立つ、大いなる速さ、大いなる剛毅、大いなる力、大いなる知恵、大いなる奮起、大いなる体躯、大いなる力の猿を。
5.44.19	彼を見据え、あらゆる方角に布陣した彼ら全員が、それぞれの恐ろしき武器で四方から襲いかかった。
5.44.20	ドゥルダラが、五本の鋭い鉄の矢、白く黄色い先端の、蓮の花弁のような矢を、ハヌマーンの頭に射込んだ。
5.44.21	五本の矢を頭に受けた猿は、咆哮しながら空に飛び上がり、十方を轟音で満たした。
5.44.22	そこで勇者ドゥルダラは、戦車に乗り弓を構え、幾百もの矢を浴びせながら大いなる力で迫った。
5.44.23	猿は空中で矢の雨を降らせるその者を阻んだ。雨季の終わりに雨雲を風が吹き散らすように。
5.44.24	ドゥルダラの攻撃を受けながらも、風の子は咆哮を轟かせ、速さを増して大きくなった。
5.44.25	大いなる速さの猿は遠くまで跳び上がり、ドゥルダラの戦車の上に稲妻が山に落ちるように降り立った。
5.44.26	八頭の馬を粉砕され、車軸と轅を折られた戦車から、ドゥルダラは命尽きて地に落ちた。
5.44.27	ドゥルダラが地に倒れたのを見て、ヴィルーパークシャとユーパークシャは怒りに燃え、不敵な敵を打つ二人が飛びかかった。
5.44.28	二人に対して素早く飛び上がり、澄んだ空中に立った大いなる腕の猿は、二つの鉄槌で胸を打たれた。
5.44.29	だが大いなる力の彼は、二人の速き者の勢いを打ち消し、ガルダのような力で再び地上に降り立った。
5.44.30	サーラ樹を見つけて引き抜いた猿は、風神の子として、あの二人の勇猛な羅刹を打ち殺した。
5.44.31	三人が討たれたことを知り、大いなる速さのプラガサが力ずくで猿に襲いかかった。
5.44.32	勇猛なるバーサカルナもまた怒りに燃え、三叉戟をつかんで、猿の虎たる名高き者の片側に立った。
5.44.33	プラガサが鋭い刃の戦斧で打ち、羅刹バーサカルナが三叉戟で猿の最上者を突いた。
5.44.34	二人に体を傷つけられ、血に染まった体毛の猿は、怒りに燃え、朝日のような輝きを放った。
5.44.35	猿の象たる勇者ハヌマーンは、獣や蛇や樹木もろとも山の峰を引き抜き、あの二人の羅刹を打ち殺した。
5.44.36	五人の軍団長が倒れた後、猿は残りの軍勢も壊滅させた。
5.44.37	馬で馬を、象で象を、兵で兵を、戦車で戦車を、猿は破壊した。千眼のインドラが阿修羅を滅ぼすように。
5.44.38	討たれた象と馬、車軸の折れた大戦車、討たれた羅刹たちで、道は四方八方塞がれた。
5.44.39	こうして猿は、軍勢の長たちを戦場で、従者と乗り物もろとも討ち果たし、あの門楼に再び陣取った。世の終わりの死神のように、時を待ちながら。
5.45.1	五人の軍団長が従者と乗り物もろともハヌマーンに殺されたのを確かめた王は、戦いの準備を整えた無傷のアクシャ王子に目をやった。
5.45.2	父の眼差しに促されたアクシャは、威光に満ち、黄金で飾られた弓を持ち、王者の間から跳び上がった。最上のバラモンたちの供物に煽られた火のように。
5.45.3	そこで勇猛なる羅刹の雄牛は、朝日のように輝き、焼き上げた黄金の網で覆われた大いなる戦車に乗って、あの大猿に向かって進撃した。
5.45.4	苦行の功徳によって得られ、焼き上げた黄金の網で飾られ、旗を立て、宝石で飾られた軍旗を掲げ、風のように速い八頭の最上の馬に繋がれた戦車に。
5.45.5	神にも阿修羅にも打ち破れず、自在に飛翔し、太陽のように輝き、空を駆け、矢筒を備え、八本の剣を車台に括りつけ、槍と槍投げを順に装備した戦車に。
5.45.6	完璧な装備で輝き、金の綱で飾られ、月と太陽のような色彩を持つ、太陽のような戦車に乗り、天の者に等しい勇猛の彼が出撃した。
5.45.7	馬と象と大戦車の轟音で天と山ある大地を満たしながら、軍勢とともに、門楼に座す力ある猿のもとへ迫った。
5.45.8	猿の目をした（アクシャ＝眼）王子は、世の終わりの火のように立つ大猿を見て、驚きと戸惑いとともに、敬意の眼差しで見つめた。
5.45.9	偉大なる猿の速さと、敵に対する勇猛を見極め、大いなる力の王子は、雪が溶ける時の太陽のように力を増していった。
5.45.10	勇猛を見極めて怒りを生じさせ、戦場で阻み難い力に対し、堅固に立って、集中した心で、三本の鋭い矢をハヌマーンに放った。
5.45.11	驕り、疲れを知らず、敵にも見方にも勝つ猿を見て、アクシャは気概を高め、弓を構え矢を手にして注視した。
5.45.12	金の首飾り、腕輪、美しい耳飾りを身につけた勇猛のアクシャは、素早く猿に迫った。二人の出会いは比類なく、神々にも阿修羅にも驚嘆を与えた。
5.45.13	大地は震え、太陽は照らず、風は吹かず、山は揺れた。猿と王子の戦いを見て、天は轟き、海は荒れた。
5.45.14	そこで勇者アクシャは、美しく羽根のついた、金で飾られた柄の、毒蛇のような矢を、的を定め解き放つ術に通じた者として、三本、猿の頭上に落とした。
5.45.15	頭に一斉に落とされた矢により、血を流し、眼を赤く見開いた彼は、昇ったばかりの太陽のように、矢の光線をまとって輝いた。光線をまとう太陽のように。
5.45.16	猿の王スグリーヴァの最上の大臣たる彼は、戦場で王の最上なる子を見た。気品ある色鮮やかな武器と美しい弓を持つ彼を見て、歓喜し、戦いに向かって意気込んだ。
5.45.17	マンダラ山の頂に立つ太陽のように、怒りを増し、力と勇猛に満ちた彼は、アクシャ王子を軍勢と乗り物もろとも、眼の火の光線で焼き尽くした。
5.45.18	そこで弓と矢を持つ羅刹の雲たるアクシャは、猿の山の王に矢の雨を降らせた。雨雲が山の頂に雨を降らせるように。
5.45.19	戦場で猛烈な勇猛を持ち、威光と力と勇猛と矢術に秀でたアクシャ王子を見て、猿は戦場で喜びの咆哮を上げた。雲のごとき力をもって。
5.45.20	若さゆえに勇猛に驕り、怒りを増し、血のような眼を持つ彼は、戦場で比類なき猿に迫った。草に覆われた大きな井戸に近づく象のように。
5.45.21	その者に矢を力ずくで浴びせられ、雷鳴のような咆哮を上げた猿は、素早く空に跳び上がった。マールティは腕と腿を振り広げ、恐ろしき姿で。
5.45.22	跳び上がる猿に、力ある者、羅刹の中の最上にして威光ある彼が、戦車に乗った最上の戦車戦士として、矢を降らせながら追った。雨雲が岩の雨を山に降らせるように。
5.45.23	猿の勇者は矢の合間を風のように素早くすり抜けながら飛び、風の道を行った。心の速さで戦場を猛烈な勇猛をもって。
5.45.24	弓を構え、戦いに臨み、様々な最上の矢で空を覆うアクシャを、ハヌマーンは敬意の眼差しで見つめ、思案に沈んだ。
5.45.25	王子の最上なる者、偉大なる魂の者に矢で胸の間を射られた猿は、咆哮しながら、大いなる腕の彼が、行為の真髄を知る者として、戦場での力の行使を考えた。
5.45.26	「朝日のような輝きを持つこの者は、子供ではなく大いなる力をもって大いなる業を成す。だが、あらゆる戦闘技術に輝くこの者を殺す気にはなれない。
5.45.27	この者は偉大にして、勇猛において大いなる者、集中力あり戦場で忍耐強い。疑いなく、行為と美徳の成果により、龍やヤクシャや聖仙たちにも崇められている。
5.45.28	勇猛と奮起に心を高ぶらせ、私の正面に立って見つめている。素早き行為のこの者の勇猛は、神々にも阿修羅にも心を震わせるであろう。
5.45.29	この者を見過ごしてはならない。戦場でその力は増し続けている。この者を殺すことこそ私には適切だ。燃え盛る火を放置することはできない。」
5.45.30	このように敵の猛攻を推し量り、己の戦術を組み立てた力ある大猿は、大いなる力をもって速度を上げ、この者を討つ決意を固めた。
5.45.31	風の道を行く勇者、風神の子たる猿は、掌の一撃でアクシャの八頭の速駆の馬を、重荷に耐え旋回に巧みな馬たちを打ち殺した。
5.45.32	そこで掌の一撃を受けた大戦車戦士は、猿の王スグリーヴァの大臣に打ち負かされ、座台を砕かれ、轅を外され、馬を失って空から地に落ちた。
5.45.33	大戦車戦士アクシャは戦車を捨て、弓を持ち剣を帯びて空に跳び上がった。猛烈な力の聖仙が苦行によって肉体を捨て、風の住処（天界）へ向かうように。
5.45.34	そこで猿は、空中を飛ぶ彼を、鳥の王や風や仙人が行き交う空で捉え、風のような速さと力をもって、両足をしっかりとつかんだ。
5.45.35	父に等しい力の猿の最上者は、千度も振り回し、鷲の王が大蛇をつかむように彼をつかんで、大いなる速さで大地に叩きつけた。戦場において。
5.45.36	腕も腿も腰も首も砕かれ、血を流し、骨と眼を粉砕された羅刹は、関節を砕かれ、腱を断たれて、風の子に打ち殺されて地に横たわった。
5.45.37	大猿が彼を地面に叩きつけ、羅刹の主に大いなる恐怖を与えた。
5.45.38	大聖仙たち、天を巡る者たち、大いなる誓いの者たち、ヤクシャ、ナーガ、天の精霊たち、インドラを含む神々が、深い驚嘆に駆られて、王子が討たれた後のあの猿を見つめた。
5.45.39	インドラの子にも等しい輝きの、血のような眼のアクシャ王子を討ち果たした勇者は、再びあの門楼に戻った。世の終わりの死神のように、時を待ちながら。
5.46.1	羅刹の主なる偉大なる者は、ハヌマーンにアクシャ王子が討たれたことを知り、インドラに匹敵するその心を鎮め、怒りをもってインドラジットに命じた。
5.46.2	「汝は武器に通じ、武器を持つ者の中の最上。神にも阿修羅にも悲嘆を与える者。インドラを含む神々の前でその業を示した者。祖父ブラフマーへの修行によって武器を蓄えた者。
5.46.3	汝の武器の力の前に、阿修羅もマルト神群も、三界のいかなる者も、戦場で疲れを知らぬ者はいない。
5.46.4	腕の力に守られ、苦行に守られ、時と場を弁える者。汝こそ知恵の最上者。
5.46.5	戦場において、汝に成し遂げられぬ業はなく、知恵を尽くした策に不可能はない。三界のいずれにおいても、汝の武器の力と腕力を知らぬ者はいない。
5.46.6	汝の苦行の力も勇猛も、戦場における武器の力も、私にふさわしい。汝に会えば、確固たる目的の戦場で、私の心は疲れを知らぬ。
5.46.7	キンカラたちはすべて討たれた。ジャンブマーリンという羅刹も。勇猛な大臣の息子たちも。五人の軍団長も。
5.46.8	汝の愛しき弟、アクシャ王子も殺された。だが彼らのいずれにも、汝にある真髄はなかった、敵を滅ぼす者よ。
5.46.9	あの猿の大いなる軍勢と威力と勇猛を見極め、己の真髄をも見極め、力に見合った速さで行動せよ。
5.46.10	汝が戦場に赴き、敵が鎮められれば、軍の破壊は止む。武器に通じた者の最上よ、己の力と敵の力を見極めて取りかかれ。
5.46.11	汝を遣わすことは最上の策とは言い難い。だがこれは王の法と武士の法に適った判断である。
5.46.12	敵を打つ者よ、戦場で様々な武器への熟達は必ず身につけねばならぬ。そして勝利を望むべきである。」
5.46.13	父のその言葉を聞き、ダクシャの子孫の力を持つ彼は、気高き心で主に右回りの礼をし、戦いに臨む覚悟を固めた。
5.46.14	そして己の仲間に讃えられたインドラジットは、戦意を高め、戦場に向かった。
5.46.15	栄光に満ち、蓮の花弁のような眼の羅刹王の子は、大いなる威光をもって出撃した。満月の日の海のように。
5.46.16	鳥の王のような速さの、白く鋭い牙を持つ四頭の蛇のような馬に牽かれた、自在な速さの戦車にインドラジットは乗った。インドラに等しき者として。
5.46.17	戦車に乗り、弓手の最上にして武器を知り、武器に通じた者の中の最上として、素早くハヌマーンのいる場所へ向かった。
5.46.18	その戦車の轟音と弓弦の響きを聞いて、猿の勇者はさらに喜びを増した。
5.46.19	大いなる弓と鋭い矢を手に、ハヌマーンを目指して、戦場に通じた者が進撃した。
5.46.20	戦意に燃え矢を手にした彼が出撃すると、すべての方角が暗くなり、恐ろしき獣たちが様々に鳴いた。
5.46.21	そこに龍、ヤクシャ、大聖仙、天を巡るシッダたちが集まった。空を覆う鳥の群れが、最上の歓喜で高く鳴いた。
5.46.22	戦車に乗ったインドラジットが来るのを見て、猿は大いなる咆哮を上げ、速さを増して体を大きくした。
5.46.23	インドラジットは天の戦車に乗り、色鮮やかな弓を持ち、稲妻と轟雷のような音を立てて弓を引き絞った。
5.46.24	超絶に鋭い速さと大いなる力の二者が、戦場に恐れを知らず出会った。猿と羅刹王の子が、神と阿修羅の王同士が敵対するように。
5.46.25	弓を持つ名高き大戦車戦士の勇者の矢の勢いを打ち破り、大いなる猿は父（風神）の道を飛んだ。計り知れぬ者として。
5.46.26	そこで勇者にして敵の勇者を打つ者は、長く鋭い矢先の、美しい羽根と金で飾られた柄の、金剛杵の衝撃のような速さの矢を、連続して放った。
5.46.27	猿は戦車の轟音と、太鼓と法螺貝の音と、引き絞られる弓の響きを聞いて、再び空に飛び上がった。
5.46.28	大猿は矢の合間を素早くすり抜け、彼の狙いの的を外しながら動き回った。
5.46.29	矢の先に回り込み、再び現れた。ハヌマーンは両手を広げて飛び上がった、風の子として。
5.46.30	速さに満ちた二者、戦場の業に熟達した二者が、すべての生き物の心をつかむ最上の戦いを繰り広げた。
5.46.31	羅刹はハヌマーンの隙を見出せず、マールティもまたあの偉大なる者の隙を見出せなかった。互いに圧倒し合えないまま、神に等しき勇猛の二者は対峙した。
5.46.32	標的が外れ、矢が空しく飛び交う中、偉大なる者は深い思案に沈んだ。瞑想と集中に心を鎮めて。
5.46.33	そこで羅刹王の子は、猿の勇者の長に対して決意を固めた。この猿は不死であると見極め、いかにして捕縛するかを考えた。
5.46.34	武器に通じた者の中の最上にして大いなる威光の勇者は、祖父ブラフマーの武器（ブラフマーストラ）を装着し、あの猿の最上者に向けた。
5.46.35	不死であると知り、武器の真髄に通じた大いなる腕のインドラジットは、ブラフマーストラで風神の子を捕縛した。
5.46.36	あの羅刹のブラフマーストラに縛られた猿は、身動きできなくなり、大地に倒れた。
5.46.37	そこでブラフマーストラの束縛を悟った猿の勇者は、主（ブラフマー）の威力により速さをわずかに失いながらも、祖父ブラフマーの恩恵と己の力を思い巡らせた。
5.46.38	そしてハヌマーンは、スヴァーヤンブ（ブラフマー）のマントラで聖別されたブラフマーストラについて、祖父からの恩恵を思い返した。
5.46.39	「世界の師の威力ゆえに、私にはこのブラフマーストラの束縛から解放される力がない。だがこのようにブラフマーストラに縛られた以上、自らの生みの親（ブラフマー）の意志に従うべきだ。」
5.46.40	猿はブラフマーストラの力を考量し、祖父の恩恵と己の力を省みて、解放する力があることを確認しつつも、祖父ブラフマーの命に従った。
5.46.41	「ブラフマーストラに縛られても、私に恐れは生じない。祖父ブラフマー、マヘーンドラ、風神に守られているのだから。
5.46.42	羅刹どもに捕らわれることにも、大いなる利がある。羅刹の王との対話を。それゆえ敵に捕らえさせよう。」
5.46.43	確固たる目的を持つ、敵の勇者を打つ者は、行動を止めた己の姿を見極め、力ずくで迫る敵に捕らえられながら、脅されつつも咆哮した。
5.46.44	そこで羅刹たちは、身動きしなくなった敵を打つ者を見て、麻の繊維と樹皮の縄で縛り上げた。
5.46.45	彼は敵の勇者による力ずくの捕縛と拘束を容認した。「好奇心から羅刹の王が私を見ようとするかもしれぬ」と確信して。
5.46.46	樹皮の縄で縛られた勇猛なる彼は、ブラフマーストラからは解放された。ブラフマーストラの束縛は、別の束縛とは共存しないからだ。
5.46.47	そこでインドラジットは勇者として、あの猿の最上者が樹皮の縄で縛られたことを考量し、ブラフマーストラから解放されたことを知って思案に沈んだ。別の物で縛られれば、ブラフマーストラは効力を失う。
5.46.48	「ああ、大いなる業が無に帰した。羅刹どもはマントラの道理を知らなかった。一度解除されたブラフマーストラに代わる別のブラフマーストラは発動できない。我々は皆、窮地に立った。」
5.46.49	ブラフマーストラから解放されたハヌマーンは、自らそれに気づかなかった。羅刹たちに引きずられ、縄で締め付けられていたからだ。
5.46.50	棒と拳で残忍に打たれながら、猿は羅刹の王のもとへ引きずられていった。
5.46.51	そしてインドラジットは、ブラフマーストラから解放されたが樹皮の縄で縛られた大いなる力の猿の勇者を、眷属とともにいる王の前に引き出した。
5.46.52	狂象のように縛られた猿の最上者を、羅刹たちはラーヴァナに差し出した。
5.46.53	「この者は何者か。誰の者か。どこから来た。何の任務で、誰を後ろ盾としているのか。」羅刹の勇者たちの間でそのような話が飛び交った。
5.46.54	「殺せ」「焼き殺せ」「食い尽くせ」と、怒り狂った羅刹たちが互いに叫んだ。
5.46.55	偉大なる者は、素早く道を通り抜け、羅刹の主の足元で、王の長年の侍従たちと、大いなる宝石で飾られた宮殿を見た。
5.46.56	大いなる威光のラーヴァナは、あちこちに引きずられる猿の最上者を見た。醜い姿の羅刹たちに。
5.46.57	猿の最上者もまた羅刹の主を見た。威光と力に満ち、燃える太陽のように輝く者を。
5.46.58	怒りに眼を赤く染めた十首のラーヴァナは猿を見据え、家柄と徳と年長において優れた、大臣の長たちに命じた。あの猿について問えと。
5.46.59	彼らに順を追って問われた猿は、まず任務の目的と事の根本を明かし、こう告げた。「私は猿の王の使者として参った。」
5.47.1	そこでハヌマーンは、ラーヴァナの業に驚き、恐るべき勇猛の彼は、怒りに眼を赤く染めて羅刹の主を見つめた。
5.47.2	大いなる価値の黄金に輝く、真珠の網に覆われた冠をかぶり、大いなる光輝を放つ者を。
5.47.3	金剛石をちりばめた、大いなる価値の宝石の装身具と、まるで心で設計されたかのような精巧な黄金の飾りをまとう者を。
5.47.4	高価な絹に包まれ、赤い栴檀を塗り、様々な色鮮やかな紋様で自ら装飾された者を。
5.47.5	大きく見栄えのする、恐ろしき姿の、燃えるように鋭い大牙と垂れ下がった唇を持つ顔を。
5.47.6	十の頭を持つ勇者が、大いなる力で輝いていた。様々な蛇に覆われた峰を持つマンダラ山のように。
5.47.7	黒い雲のような体に、胸には首飾りが王者のように輝き、満月のような顔は、稲妻を帯びた雲のようであった。
5.47.8	腕には腕輪をはめ、最上の栴檀を塗り、きらめく腕飾りと太い腕は、五つの頭を持つ蛇のようであった。
5.47.9	水晶と色彩に富む大いなる玉座に、宝石をあしらい、最上の敷物を敷いた座に座す者を。
5.47.10	華やかに飾られた美女たちに四方から侍られ、扇を持つ手の美女たちに遠くから仕えられている者を。
5.47.11	ドゥルダラ、プラハスタ、羅刹マハーパールシュヴァ、策謀の真髄を知る大臣たち、大臣ニクンバ。
5.47.12	力に驕る四人の羅刹に囲まれて座す者は、四つの海に囲まれた全世界のようであった。
5.47.13	策謀の真髄を知る大臣たちと、善き知恵を持つ他の侍臣たちに侍られる様は、神々に仕えられる神々の主のようであった。
5.47.14	ハヌマーンは、メール山の頂に立つ水を含んだ雲のような、超絶の威光を持つ羅刹の主を見た。
5.47.15	恐るべき勇猛の羅刹たちに押さえつけられながらも、最大の驚嘆に達して、羅刹の主を見つめた。
5.47.16	輝く羅刹の王を見て、ハヌマーンはその威光に打たれ、心に思った。
5.47.17	「ああ、なんという姿、なんという堅忍、なんという剛毅、なんという輝き。ああ、羅刹の王のあらゆる吉相の完備よ。
5.47.18	もし不法がかくも強くなければ、この羅刹の王は、インドラを含む天界の守護者ともなり得たであろうに。
5.47.19	このゆえにこそ、天の者たちとダーナヴァを含む世界が彼を恐れるのだ。怒りに燃えたこの者は、世界を一つの海にする力さえ持つ。」
5.47.20	知恵ある猿は、計り知れぬ力の羅刹の王の威厳を見て、このように様々な思いを巡らせた。
5.48.1	大いなる腕のラーヴァナは、世界を震わせる者として、前に立つ黄褐色の眼の猿を見て、大いなる怒りに満たされた。
5.48.2	怒りに眼を赤く染めた王は、大臣の最上なるプラハスタに、時にかなった深い意味のある言葉を語った。
5.48.3	「この悪者に問え。どこから来て、何が目的で、園の破壊と羅刹女たちへの脅迫に何の意味があるのかを。」
5.48.4	ラーヴァナの言葉を聞いてプラハスタが言った。「安心せよ、幸あれ。猿よ、恐れることはない。
5.48.5	もしインドラに遣わされてラーヴァナの宮に来たのならば、真実を告げよ。猿よ、汝は解放されよう。
5.48.6	クベーラの者か、ヤマの者か、ヴァルナの者か。あるいはヴィシュヌが勝利を望んで遣わした使者か。この美しき姿をとって。汝の威光は猿のものではない。姿だけが猿のものだ。
5.48.7	真実を語れ、さすれば猿よ、解放されよう。偽りを語れば、汝の命は得がたくなる。」
5.48.8	「あるいは汝がラーヴァナの宮に入った理由は何か。」
5.48.9	このように問われた猿の長は、羅刹の群れの主に答えた。「私はインドラの者でも、ヤマの者でも、ヴァルナの者でもない。
5.48.10	クベーラとの友誼もなく、ヴィシュヌに遣わされたのでもない。私の種族はまさにこれ、猿としてここに来た。
5.48.11	羅刹の王への面会は得がたい。それゆえ私は、羅刹の王に会うために園を破壊した。
5.48.12	すると力ある戦意に満ちた羅刹たちがやって来た。己の身を守るため、戦場で私は彼らと戦った。
5.48.13	ブラフマーストラの縄をもってしても、神々にも阿修羅にも私を縛ることはできない。祖父ブラフマーからの恩恵が私にも授けられているからだ。
5.48.14	王に会いたいと望んで、私はブラフマーストラに従った。ブラフマーストラからは解放されたが、羅刹たちに過度に虐待されている。
5.48.15	私は計り知れぬ力のラーグハヴァの使者と知れ。主よ、私の有益なるこの言葉を聞かれよ。」
5.49.1	偉大な力を持つその猿の王者を見つめ、勇気ある猿は動じることなく、道理にかなった言葉を十頭の魔王に語りかけた。
5.49.2	「私はスグリーヴァの使者としてここ、汝の宮殿に参った。羅刹の王よ、猿の王たる汝の兄弟スグリーヴァが安否を尋ねておる。
5.49.3	偉大なるスグリーヴァ兄の命令を聞くがよい。法と利にかない、現世にも来世にも益ある言葉である。
5.49.4	ダシャラタという名の王がおられた。戦車・象・馬を率い、世の父のごとき庇護者にして、インドラに等しい威光の持ち主であった。
5.49.5	その長子は大いなる腕を持つ高貴な王子であり、父の命により森に入った。
5.49.6	弟ラクシュマナと妻シーターとともに、ラーマという名の偉大なる光輝の持ち主は、法の道を歩んだ。
5.49.7	その妻シーターは森で失われた。夫に忠実なる彼女は、ヴィデーハ国の偉大なるジャナカ王の娘であった。
5.49.8	その王子は弟とともに彼女を探し求め、リシュヤムーカ山に至り、スグリーヴァと出会った。
5.49.9	スグリーヴァはラーマにシーター捜索を誓い、ラーマもスグリーヴァに猿の王国を約束した。
5.49.10	その後、ラーマは戦いでヴァーリンを倒し、スグリーヴァを猿と熊の族長として王位に据えた。
5.49.11	約束に忠実なるスグリーヴァは、シーター捜索に没頭し、猿の主として四方八方に猿たちを派遣した。
5.49.12	猿たちの幾千、幾百、幾万もの群れが、あらゆる方角、地上にも空にもシーターを探し求めている。
5.49.13	ガルダに等しい者もおり、風神に匹敵する者もいる。障害なく進む俊足にして勇猛なる大力の猿の勇士たちである。
5.49.14	私はハヌマーンと申す、風神マールタの嫡子である。シーターのために、百ヨージャナに及ぶ大海を跳び越え、彼女を見んとここに参った。
5.49.15	されば法と利を弁えたる汝は、苦行を積みし身でありながら、偉大なる知恵者よ、他者の妻を拘えるべきではない。
5.49.16	法に反し、多くの災いをもたらし、根を断つような行いに、汝のごとき知恵ある者が執着することはない。
5.49.17	ラクシュマナが放ち、ラーマの怒りに従う矢の前に、神でも阿修羅でも立ち向かえる者がおろうか。
5.49.18	王よ、三界においてラーガヴァに害をなして安楽を得られる者は一人もおらぬ。
5.49.19	それゆえ、三世にわたって有益なるこの法にかない利にも結びつく言葉を受け入れよ。ジャーナキーをあの人の王に返すのだ。
5.49.20	この女神はこの私によって見出された。得がたきものを得たのだ。残る後の仕事の因はラーガヴァにある。
5.49.21	嘆きに沈むシーターを私は確かに見た。汝はこの女を捕えながら、五つの頭を持つ蛇のような彼女の本性を知らぬ。
5.49.22	阿修羅を含む神々でさえ、彼女をねじ伏せることはできぬ。それは毒を混ぜた食物を力ずくで食らうがごときものだ。
5.49.23	苦行の熱によって得た汝の法の護り、それは自らの命の護りでもある。それを滅ぼすべきではない。
5.49.24	苦行によって神も阿修羅も汝を殺せぬと自負するならば、そこにもまた大いなる理由がある。
5.49.25	スグリーヴァは神でもなく、阿修羅でもなく、人間でもなく、羅刹でもなく、ガンダルヴァでもなく、ヤクシャでもなく、蛇族でもない。
5.49.26	ラーガヴァは人間であり、王よ、スグリーヴァは猿の主である。されば王よ、汝はいかにして命を守るつもりか。
5.49.27	法の行いを不法の果報に結びつけても、その果はまさにその業に従う。法は不法を滅ぼすものである。
5.49.28	法の果報は汝にすでに与えられた、それに疑いはない。しかし不法の果報もまた速やかに汝に降りかかるであろう。
5.49.29	ジャナスターナでの虐殺を知り、ヴァーリンの討伐を知り、ラーマとスグリーヴァの同盟を知って、汝自身の利益を悟れ。
5.49.30	まことに私一人でも、戦車・馬・象もろともこのランカーを滅ぼすことができる。しかしそれはラーマの決意するところである。
5.49.31	ラーマは猿と熊の群れの前で、シーターを辱めた敵どもを滅ぼすと誓ったのだ。
5.49.32	ラーマに敵対すれば、インドラ神自身でさえ安楽を得られぬ。まして汝のような者はなおさらのことだ。
5.49.33	汝がシーターと知るその女、汝の支配下にあるその女を、全ランカーを滅ぼす破滅の夜と知れ。
5.49.34	時の縄索たるシーターという闘争の化身が、自ら汝の肩にかかっているのだ。もはや十分だ。汝自身のことを考えるがよい。
5.49.35	シーターの威光に焼かれ、ラーマの怒りに圧され、楼閣と大路もろとも燃え上がるこの都を見よ。
5.49.36	並ぶ者なき十頭の魔王は、物怖じせず語る猿の不快なる言葉を聞くや、怒りに目を見開き、その大猿の処刑を命じた。」
5.50.1	偉大なるあの猿の言葉を聞いて、ラーヴァナは怒りに我を忘れ、その処刑を命じた。
5.50.2	邪悪なるラーヴァナが使者の務めを果たした者の処刑を命じた時、ヴィビーシャナはそれを認めなかった。
5.50.3	激怒する羅刹の王と差し迫ったこの事態を察し、物事の道理に通じた彼は、なすべきことを熟慮した。
5.50.4	そして決意を固め、敵を征する兄を丁重に敬い、言葉の達人は大いに有益な言葉を述べた。
5.50.5	「王よ、この猿の処刑は法に反し、世の慣わしにも非難され、勇者たる汝にもふさわしくない。
5.50.6	疑いなくこの敵は増長し、計り知れぬ不快を成した。しかし賢者は使者を殺すべきだとは説かない。使者への刑罰は多々定められている。
5.50.7	肢体の損傷、鞭打ち、剃髪、そして焼印——これらが使者に対する刑罰として説かれている。使者の殺害は聞いたこともない。
5.50.8	法と利に熟練した知恵を持ち、物事の軽重を見極めるお方が、いかにして怒りの支配下に留まろうか。勇者は燃える火を水で鎮めるように、怒りを抑えるものだ。
5.50.9	法の議論においても、世の慣わしにおいても、学問の知識の把握においても、汝に比肩する者は見当たらぬ。汝は神と阿修羅の中でも最上の存在なのだから。
5.50.10	そしてこの猿を殺しても、いかなる利益も見出せぬ。この猿を遣わした者どもにこそ刑を下すべきである。
5.50.11	善人であれ悪人であれ、この者は他者に遣わされた者だ。他者のために語り、他者に従う使者は、殺すに値しない。
5.50.12	王よ、この者を殺したならば、大海の彼方からここに再び来る空を行く者を、他に見出せまい。
5.50.13	それゆえ敵城を破る者よ、この者の処刑に努めるべきではない。インドラを含む神々にこそ、汝は力を注ぐべきである。
5.50.14	この者が滅べば、あの二人の王子を、戦いを好む気性の荒い者どもを、長い道のりの彼方から戦へと駆り立てる別の使者を見出せぬであろう。
5.50.15	夜叉族の歓喜よ、果敢にして勇猛、集中力あり、名家に生まれし大いなる功徳の持ち主にして、気概ある武器を持つ者の中の最上、億を数える精鋭の兵士たちがおる。汝の超越的な力で神々すらも滅ぼし得る汝が、戦への意欲を捨てる必要はない。
5.50.16	されば軍の一部を率いて、汝の命に従う者たちを出陣させよ。かの愚かな二人の王子を捕え、敵に対して汝の威力を示すがよい。
5.50.17	されば軍の一部を率いて、汝の命に従う者たちを出陣させよ。」
5.51.1	偉大なる力を持つ十頭の魔王は、弟のその言葉を聞き、時と場にかなった最良の言葉を述べた。
5.51.2	「まことにそなたの言う通り、使者の殺害は非難されるべきものだ。しかし処刑以外の何らかの懲罰を、この者に必ず加えねばならぬ。
5.51.3	猿どもにとって尾は大切な飾りだという。この者の尾にすぐさま火を放て。その焼けた尾で帰らせるがよい。
5.51.4	そうすれば、仲間、親族、縁者、友人らが皆、手足を損なわれ惨めなこの者を見るであろう。」
5.51.5	羅刹の王は命じた。「燃える尾で、全市街を引き回せ」と。
5.51.6	その言葉を聞き、残忍なる羅刹たちは古い木綿の布でその尾を巻き始めた。
5.51.7	尾が巻かれるにつれ、この大猿はますます大きくなった。森の中で乾いた薪を得た火のように。
5.51.8	油を注いでから、彼らはそこに火を放った。
5.51.9	燃える尾で、朝日のごとき顔をしたこの者は、怒りと憤りに満ちた心で、あの羅刹たちを打ち倒した。
5.51.10	そして再び残忍な羅刹たちに群がられ捕らえられたが、猿の王者たるこの勇者は、その時にふさわしい考えを巡らせた。
5.51.11	「縛られてもなお、この羅刹どもに私を抑える力はない。縄を断ち切って跳び上がり、再びこの者どもを打ち倒すこともできよう。
5.51.12	しかし私はすべての羅刹に対して戦で十分な力がある。だがラーマへの忠義ゆえに、この仕打ちに耐えよう。
5.51.13	もう一度ランカーを偵察せねばならぬ。夜のうちには城塞の構造を十分に見ることができなかった。必ずや夜明けにランカーを見届けねばならぬ。」
5.51.14	「好きなだけ縛り、さらに尾に火をつけ、羅刹どもが苦しめるがよい。我が心に疲れはない。」
5.51.15	そこで意を秘めた気力あるこの大猿を、喜ぶ羅刹たちは猿の雄を引き連れて行った。
5.51.16	法螺貝や太鼓の音を鳴り響かせ、己が所業を触れ回りながら、残忍な行いの羅刹たちはその都を引き回した。
5.51.17	ハヌマーンは羅刹たちの大都を巡りながら、さまざまな宮殿を目にした。
5.51.18	猿は、囲まれた敷地や整然とした広場、家々の密集する大通りや十字路をも見た。
5.51.19	広場でも四辻でも王の大路でも、すべての羅刹がこの猿を「間諜だ」と触れ回った。
5.51.20	ハヌマーンの尾の先が燃え上がる中、醜い顔の羅刹の女たちがシーターにその不吉な知らせを告げた。
5.51.21	「シーターよ、汝と語り合った赤い顔の猿が、燃える尾で引き回されておるぞ。」
5.51.22	命を奪うにも等しいその残酷な言葉を聞き、ヴァイデーヒーは悲嘆に焼かれ、火神に祈った。
5.51.23	大きな目をしたシーターは、あの大猿の吉祥を願い、身を清めて火神に近づいた。
5.51.24	「もし夫への奉仕があるならば、もし苦行の功徳があるならば、もし一夫に貞節であるならば、ハヌマーンに対して冷たくあれ、おお火よ。
5.51.25	もしあの聡明なるお方に、私への幾ばくかの慈悲があるならば、もし私に残された幸運があるならば、ハヌマーンに対して冷たくあれ。
5.51.26	もしあの法を知る方が、操正しく彼との再会を待ちわびる私を認めてくださるならば、ハヌマーンに対して冷たくあれ。
5.51.27	もし誠実なるスグリーヴァが、この大いなる苦悩から私を救ってくださるならば、ハヌマーンに対して冷たくあれ。」
5.51.28	すると鋭い炎の火は、乱れることなく、炎を右回りになびかせながら燃えた。鹿のような目の女に、猿の吉祥を告げるかのように。
5.51.29	尾が燃えているのに、猿は考えた。「この火はなぜ私を全く焼かないのか。
5.51.30	大きな炎が見えるのに、私に痛みを与えない。尾の先に冷たい水滴が留まっているかのようだ。」
5.51.31	「あるいはこれは、まさに私が海を渡った時に見た、ラーマの威力による不思議な山なのだ。
5.51.32	もし海もマイナーカ山も、ラーマのためにあれほどの熱意を示したのなら、火神がそうしないはずがあろうか。
5.51.33	シーターの慈愛と、ラーガヴァの威光と、我が父との友情によって、火は私を焼かないのだ。」
5.51.34	猿の雄はしばし思案した後、勢いよく跳び上がり、大音声を上げた。
5.51.35	そして風神の子は、山の頂のごとくそびえ立ち、羅刹の群れで混み合う城門に駆けつけた。
5.51.36	山のごとき巨体であった彼は、一瞬にして極めて小さくなり、束縛を振り落とした。
5.51.37	解放された輝かしき彼は再び山のように巨大になり、見渡すと、門に立てかけられた鉄の棍棒を見つけた。
5.51.38	大いなる腕のマールティは、黒鉄で造られたその棍棒を掴み、番兵たちを残らず打ち倒した。
5.51.39	戦いに凄まじき勇猛を持つ彼は、再びランカーを見渡しながら、燃える尾の炎の花輪を戴き、光を放つ太陽のごとく輝いた。
5.52.1	望みを遂げた猿は、ランカーを見渡しながら、気力をますます漲らせ、残る仕事を考えた。
5.52.2	「さて今、この羅刹どもにさらなる苦しみを与えるために、まだ何をすべきか。
5.52.3	園林はすでに破壊し、名だたる羅刹たちは倒した。軍の一部は殲滅した。残るは城塞の破壊である。
5.52.4	城塞が破壊されれば、事は容易くなろう。わずかな労力でこの務めにおいて、我が苦労は実を結ぶであろう。」
5.52.5	「我が尾に燃えるこの火を、これらの最上の邸宅で満足させるのが道理である。」
5.52.6	そして燃える尾を持つ大猿は、稲妻を伴う雨雲のごとく、ランカーの邸宅の屋上を飛び回った。
5.52.7	ハヌマーンは劫火の炎に等しい火を放った。
5.52.8	風との結合により、極めて速く、大いなる力を持つ火は、劫火のごとく燃え盛り、ますます勢いを増した。
5.52.9	放たれた火を風がそれらの邸宅に吹き広げた。
5.52.10	黄金の格子と真珠・宝石をあしらったそれらの邸宅は、宝玉に満ちた大いなる建物もろとも崩れ落ちた。
5.52.11	砕けた宮殿は地上に落下した。功徳が尽きた時に天から落ちる仙人たちの住処のように。
5.52.12	金剛石、珊瑚、猫目石、真珠、銀をちりばめた邸宅から、さまざまな鉱物が流れ出るのを彼は見た。
5.52.13	火が薪や草に飽きることがないように、ハヌマーンも羅刹の王たちを殺すことに少しも飽きることがなかった。
5.52.14	火炎に包まれ、勇士たちを失い、戦士たちが逃げ惑うランカーは、ハヌマーンの怒りの力に圧倒され、呪いに打たれたかのようであった。
5.52.15	大いなる心を持つハヌマーンは、恐慌をきたし怯えうろたえる羅刹たちのランカーが、燃え盛る炎に彩られるさまを見た。それはブラフマーの怒りに打たれた大地のようであった。
5.52.16	多くの羅刹を殺し、多くの樹木のある園林を破壊し、羅刹の邸宅に火を放った後、偉大なる彼は心の中でラーマの許へと向かった。
5.52.17	猿の王者は、燃える尾でランカーの全市を焼き尽くした後、大海の中でその火を消した。
5.53.1	燃え上がり破壊され、羅刹の群れが恐怖に震えるその都を見て、ハヌマーンはランカーのことを思い巡らした。
5.53.2	彼には大いなる恐れが生じ、自らへの非難の念が湧いた。「ランカーを焼いて、私はいったい何をしてしまったのか。
5.53.3	怒りから生じた激情を、水で消すように抑える偉大なる人々こそ幸いである。
5.53.4	もしこのランカーが焼かれたなら、きっと尊きジャーナキーも焼かれてしまったであろう。それなら私は、知らずして主の大事を台無しにしてしまったのだ。
5.53.5	この仕事のために始められた務めを、私自身が無に帰してしまった。ランカーを焼きながら、シーターを守ることをしなかった。
5.53.6	この仕事はわずかで済むものであったのに、疑いなく怒りに圧倒された私によって、根こそぎ滅ぼされてしまった。
5.53.7	ジャーナキーは明らかに亡くなった。ランカーのどこにも焼け残った場所は見えぬ。都は全て灰と化した。
5.53.8	もし私の判断の誤りでその務めが損なわれたのなら、ここで命を絶つことこそ、私にもふさわしい。
5.53.9	火の中に飛び込もうか、それとも海底の炎に身を投じようか、あるいは海に棲む生き物たちにこの身を与えようか。
5.53.10	大事の全てを台無しにしたこの身で、生きながらにして猿の主にいかにして顔を合わせ得ようか。あの二人の虎のごとき王子たちにいかにして。」
5.53.11	「まことにこの私によって示されたのは、怒りの過ちにより三界に知られたる猿の落ち着きのなさである。
5.53.12	制御できず不安定なる激情は呪われるべきだ。たとえ制する力を持つ私でさえ、情熱に駆られてシーターを守れなかったのだから。
5.53.13	シーターが亡くなれば、あの二人も滅びるであろう。あの二人が滅べば、スグリーヴァも一族もろとも滅ぶであろう。
5.53.14	この言葉を聞けば、兄弟思いのバラタも、法を知る彼もシャトルグナとともに、どうして生きていられようか。
5.53.15	イクシュヴァーク王朝という最も法に篤き一族が滅びれば、疑いなく全ての民が悲嘆と苦悩に苛まれるであろう。
5.53.16	ならば私は運命に見放され、法と利の蓄えを失い、怒りの過ちに囚われた心で、明らかに世の破壊者となったのだ。」
5.53.17	こう思い悩む彼に、吉兆が現れた。すでに現れていた前兆を、彼は改めて直接考えた。
5.53.18	「あるいは、美しき肢体の持ち主シーターは、己の威光によって守られ、滅びはしまい。善良なる女は滅びない。火の中にあっても火は生じないように。
5.53.19	限りなき威光の持ち主ラーマの妻を、己の行いによって守られたその女を、火が触れることはあるまい。
5.53.20	きっとラーマの威力とヴァイデーヒーの善行によって、火は焼く業を持ちながらも私を焼かなかったのだ。
5.53.21	バラタをはじめとする三人の弟たちの女神であり、ラーマの心の恋人である彼女が、どうして滅び得ようか。
5.53.22	あるいは、焼く業を持つこの遍在にして不滅の火が、我が尾を焼かないのなら、どうしてあの尊き女を焼くだろうか。
5.53.23	苦行によって、真実の言葉によって、夫への一途さによって、彼女は火をも焼き尽くすことができよう。火が彼女を焼くことはない。」
5.53.24	かくして女神シーターの法の守りを思案しながら、ハヌマーンは偉大なるチャーラナたちの言葉を耳にした。
5.53.25	「ああ、まことにハヌマーンは堪えがたい業を成し遂げた。恐ろしき羅刹の邸宅に繰り返し火を放ったのだ。
5.53.26	楼閣と城壁と城門もろともこのランカーの都は焼かれた。しかしジャーナキーは焼かれなかった。これこそ我らの驚嘆すべき奇跡である。」
5.53.27	確かな前兆と、大いなる功徳ある理由と、聖仙たちの言葉によって、ハヌマーンは喜びに満たされた。
5.53.28	こうして望みを遂げた猿は、あの王女が無傷であることを知り、直接再び彼女に会い、帰路の決意を固めた。
5.54.1	そしてシンシャパー樹の下にいるジャーナキーに敬礼し、言った。「幸いにも、ここであなたが無事でいらっしゃるのを見ることができた。」
5.54.2	するとシーターは、出発しようとする彼を何度も見つめながら、夫への愛に満ちた言葉をハヌマーンに語った。
5.54.3	「まことに、この務めを果たすには汝一人で十分である。敵の勇士を打ち倒す者よ、汝の力の発揮こそ栄光をもたらす。
5.54.4	しかし敵軍を打ち滅ぼす者カークツタが、軍勢でランカーを満たし、私を連れ帰ってこそ、彼にふさわしいことであろう。
5.54.5	されば、戦いの勇者たるあの偉大な御方の武勇にふさわしい行いを、そのまま実現させてほしい。」
5.54.6	道理にかない慎み深く理にかなったその言葉を聞いて、ハヌマーンは彼女に答えた。
5.54.7	「カークツタは間もなく、猿と熊の勇者たちを率いて参るであろう。戦で敵を打ち破り、あなたの悲しみを取り除くでしょう。」
5.54.8	こうヴァイデーヒーを励まし、風神の子ハヌマーンは出発を決意し、ヴァイデーヒーに敬礼した。
5.54.9	猿の虎は、主との再会を焦がれ、敵を打ち砕く者として、山の最上なるアリシュタ山に登った。
5.54.10	高くそびえる蓮や青い森の列なり、サーラ樹、ターラ椰子、アシュヴァカルナ樹、多くの竹に覆われた山であった。
5.54.11	蔓の天蓋が広がり花に飾られ、さまざまな獣の群れが集い、鉱脈の滴りで彩られていた。
5.54.12	多くの泉を持ち、岩の集積で険しく、大聖仙、ヤクシャ、ガンダルヴァ、キンナラ、蛇族が訪れる山であった。
5.54.13	蔓と樹木が密集し、獅子が洞窟に群がり、虎の群れに満ち、甘い根と果実の樹がある山であった。
5.54.14	大いなる力を持つ猿の最上の者は、ラーマに会いたいという急ぐ喜びに駆られ、その山に登った。
5.54.15	彼の足で踏みしめられた美しい山腹では、岩が音を立てて砕け散った。
5.54.16	その山の王に登ると、大猿はますます巨大になり、塩海の南岸から北岸を目指した。
5.54.17	風神の子はその山に登り、魚や龍蛇が棲む恐ろしい海を見渡した。
5.54.18	猿の虎は、風のように空へ向かい、風神の子として南から北の方角へと飛び立った。
5.54.19	その猿に踏みつけられた山の王は、そこに棲む生き物たちとともに呻き、大地に沈んだ。揺れる峰々と倒れる樹木とともに。
5.54.20	彼の腿の勢いに打たれ、花咲く樹々は砕けて地上に倒れた。インドラの雷に打たれたかのように。
5.54.21	洞窟の奥に棲む大いなる力を持つ獅子たちの恐ろしい咆哮が、空を裂くかのごとく響き渡った。
5.54.22	衣服はずり落ちてはだけ、装飾品はかき乱され、ヴィディヤーダリーたちが突如として山から飛び立った。
5.54.23	規格を超える大きさの、力強い、炎の舌を持つ猛毒の大蛇たちは、頭と首を押しつぶされ、のたうち回った。
5.54.24	キンナラ、龍蛇、ガンダルヴァ、ヤクシャ、ヴィディヤーダラたちは、踏みしめられたその名山を捨てて空に逃れた。
5.54.25	輝かしきその山は、力ある猿に踏みつけられ、樹木と峰を高く突き立てたまま地底に沈んだ。
5.54.26	十ヨージャナの幅と三十ヨージャナの高さを持ったその山は、大地と等しい平らさになった。
5.55.1	月をクムダ蓮に見立て、太陽をカーランダヴァ鳥に、ティシュヤ星とシュラヴァナ星をカダンバの花群に、雲を水藻の茂みになぞらえた——そんな美しい空の大海を彼は渡った。
5.55.2	プナルヴァスを大魚に、火星を大鰐に、アイラーヴァタを大きな島に見立て、スヴァーティー星座を白鳥が攪拌するかのような空を。
5.55.3	風の吹き寄せる波が立ち、月光に冷やかな水をたたえ、蛇神やヤクシャやガンダルヴァが咲かせた蓮と睡蓮のある空を。
5.55.4	空を呑み込むかのごとく、月を引っ掻くかのごとく、星座もろとも太陽の輪をも攫い去るかのごとく。
5.55.5	輝かしき大猿ハヌマーンは、空を行く者として、風神の住処たる空に、雲の群れを引き裂くように進んだ。
5.55.6	白みがかった赤、青と茜色、緑がかった赤——さまざまな色の大きな雲が輝いていた。
5.55.7	雲の群れに入っては出で、出ては入りを繰り返し、隠れては現れる彼は月のように見えた。
5.55.8	雲の雷鳴に等しい大音声を轟かせながら、偉大なる輝きの持ち主は、再び海の中空を飛んで来た。
5.55.9	力ある彼はスナーバ山の頂に触れ、弓から放たれた矢のごとき猛速で飛来した。
5.55.10	いくらか近づいた彼は、大山を見渡し、マヘーンドラ山の雲に似たその姿で、猿の雄は雄叫びを上げた。
5.55.11	咆哮する彼の声を聞いて、猿たちはあたり一面で期待に胸を膨らませた。皆、友との再会を待ち望んでいた。
5.55.12	猿の中の最上なるジャーンバヴァーンは、喜びに心を躍らせ、すべての猿たちに呼びかけてこう言った。
5.55.13	「ハヌマーンはあらゆる点で務めを果たしたに違いない。務めを果たせなかった者が、このような声を上げるはずがない。」
5.55.14	偉大なるハヌマーンの腕と腿の勢いと咆哮を聞いて、喜んだ猿たちはあちこちから跳び上がった。
5.55.15	喜び勇んで、山頂から山頂へ、峰から峰へと移りながら、ハヌマーンを見んとする猿たちが集まった。
5.55.16	喜んだ猿たちは、樹木の頂で花咲く枝を掴み、旗のように振り回した。
5.55.17	雲の塊のようなその大猿が降りてくるのを見て、すべての猿たちは合掌して立った。
5.55.18	そして山のごとき猿は、勢いよくマヘーンドラ山の樹木の茂る頂に降り立った。
5.55.19	すると喜びに満ちた猿の勇者たちは皆、偉大なるハヌマーンを取り囲んで迎えた。
5.55.20	皆が喜びの頂に達し、嬉しそうな顔で、無事に帰還した彼を迎えた。
5.55.21	根や果実の供物を携えて、猿たちは風神の子なる猿の最上の者を敬った。
5.55.22	ある者は喜んで叫び声を上げ、ある者はキラキラという歓声を上げ、嬉しさのあまり猿の雄たちは樹の枝を持ち寄った。
5.55.23	ハヌマーンは、ジャーンバヴァーンをはじめとする年長の尊者たち、そして若きアンガダに敬礼した。
5.55.24	二人に敬われ、猿たちに祝福されたこの勇者は、「女神シーターは見つかった」と簡潔に報告した。
5.55.25	そしてヴァーリンの息子の手を取り、マヘーンドラ山の美しい森の一角に座した。
5.55.26	ハヌマーンは意気揚々と、あの猿の勇者たちに語った。「ジャナカ王の娘は、アショーカ園にいた。
5.55.27	恐ろしき羅刹の女たちに守られながらも、非の打ちどころなき彼女は、一本の編み髪を垂らし、ラーマとの再会を待ち焦がれ、断食にやつれ、垢にまみれ、髪を乱し、痩せ細っていた。」
5.55.28	「見つかった」という大いなる意味を持つ甘露のごとき言葉を、マールティの口から聞いて、すべての猿たちは歓喜した。
5.55.29	ある者は叫び、ある者は吠え、大力の者たちは咆哮し、ある者はキラキラと歓声を上げ、ある者は咆哮を返した。
5.55.30	猿の雄たちの中には尾を高く掲げ、喜びに満ちて、長く伸ばした尾を振り回す者もいた。
5.55.31	また別の猿たちは、象のごとき巨体のハヌマーンに、山の頂から跳んできて喜んで触れた。
5.55.32	語り終えたハヌマーンに、アンガダはすべての猿の勇者たちの中で、この上なき言葉を述べた。
5.55.33	「勇気においても武勇においても、猿の中に汝に等しき者はいない。広大な海を跳び越えて再び帰り来たのだから。
5.55.34	幸いにも汝はラーマの妻なる栄えある女神に会えた。幸いにもカークツタはシーターとの別離から生じた悲嘆を捨てられるであろう。」
5.55.35	そしてアンガダ、ハヌマーン、ジャーンバヴァーンをはじめとする猿たちは、喜びに満ちて広い岩に腰を下ろした。
5.55.36	猿の勇者たちは皆、海を渡った経緯、ランカーの様子、シーターとラーヴァナのことを聞きたがり、合掌してハヌマーンの顔を見つめて立った。
5.55.37	輝かしきアンガダは、多くの猿に囲まれて座していた。天に神々に仕えられるインドラのように。
5.55.38	名高きハヌマーンと、腕を組んだアンガダとが、共に座するその高く聳える山頂は、栄光に照り輝いていた。
5.56.1	そしてマヘーンドラ山の頂で、大力の猿たちは、ハヌマーンを先頭にこの上ない喜びに浸った。
5.56.2	すると喜びに満ちたジャーンバヴァーンが、嬉しげなる大猿ハヌマーンに事の顛末を尋ねた。
5.56.3	「女神にはどのようにしてお会いしたのか。彼女はどのように過ごしておられるのか。あの残忍なる十頭の魔王は彼女にどのように振る舞っているのか。
5.56.4	すべてを真実のまま我らに語ってくれ、大猿よ。事実を聞いた上で、我らは今後の方策を改めて考えよう。
5.56.5	我らがあちらへ赴いた際に語るべきこと、またあちらで守るべきことを、汝は我らに説き明かしてくれ。」
5.56.6	こう命じられたハヌマーンは、全身の毛が逆立つほどの喜びに満ち、シーター女神に心の中で敬礼し、語り始めた。
5.56.7	「御前で直接見ていただいたとおり、私はマヘーンドラ山の頂から空に跳び、大海の南岸を目指し、精神を集中していた。
5.56.8	飛ぶ途中、障害のごとき姿で、神々しい黄金の峰が現れた。美しくも心を奪うものであった。
5.56.9	道を塞ぐように立ちはだかるその山を、障害と思った。
5.56.10	その神々しい黄金の名山に近づき、私は心の中で、これを打ち砕かねばならぬと決意した。
5.56.11	私が尾で打つと、太陽のごとく輝くその大山の頂は千片に砕け散った。
5.56.12	私の決意を悟ったその大山は、心を喜ばせるような甘い声で、『息子よ』と呼びかけた。
5.56.13	『風神マータリシュヴァンの友にして汝の叔父と知れ。マイナーカという名で大海に住む者である。
5.56.14	息子よ、かつて山々には翼があり、思うままに大地を飛び回り、あちこちを脅かしていた。
5.56.15	山々の所業を聞いたインドラは、幾千もの山の翼を雷で切り落とした。
5.56.16	しかし私は、偉大なる汝の父・風神によって救われ、その時大海に投げ込まれたのだ。
5.56.17	ラーマへの助力こそ私の務めである。ラーマは法を守る者の中の最上にして、インドラに等しい武勇の持ち主だ。』
5.56.18	偉大なるマイナーカのこの言葉を聞き、務めを告げた上で、私の心は高揚し、
5.56.19	マイナーカに許しを得て、最高の速度を発揮し、残る道程へと向かった。
5.56.20	その後、長い時を飛び続けると、スラサー女神、蛇族の母が現れた。
5.56.21	海の中でその女神は私に語った。『猿の王者よ、汝は不死の者たちによって私への供物と定められた。よって汝を食らおう。長きにわたって待ち望んだ供物よ。』
5.56.22	スラサーにこう告げられ、私は合掌して頭を下げ、顔を青ざめさせながらこう答えた。
5.56.23	『ダシャラタの子ラーマは、栄光ある敵を滅ぼす者として、弟ラクシュマナと妻シーターとともにダンダカの森に入られた。
5.56.24	その妻シーターは邪悪なるラーヴァナに奪われた。私はラーマの命により、彼女の許へ向かう使者である。
5.56.25	ラーマの領域に住む者よ、ラーマへの助力をなすべきである。
5.56.26	あるいは、マイティリーに会い、疲れを知らぬラーマにも会った後、汝の口に帰り来よう。これを真実として誓う。』
5.56.27	すると思い通りの姿をとるスラサーは言った。『何者もこの恩恵を超えることはできぬ。これが私への恩恵なのだから。』
5.56.28	スラサーにこう言われ、私は十ヨージャナに身を伸ばし、幅はその半分となった。
5.56.29	私の大きさに合わせて彼女もその口を開けた。開いた口を見て、私は体を小さくした。
5.56.30	そしてその瞬間、親指ほどの大きさになり、素早くその口に飛び込んで、一瞬で出た。
5.56.31	スラサー女神は本来の姿に戻って私にこう言った。『猿の王者よ、目的を果たすがよい。優しき者よ、安らかに行け。
5.56.32	ヴァイデーヒーを偉大なるラーガヴァに引き合わせよ。大いなる腕の者よ、幸あれ。汝に満足した、おお猿よ。』
5.56.33	すべての生き物に「立派だ、立派だ」と讃えられ、ガルダのごとく広大な空を飛んだ。
5.56.34	すると私の影が捕えられ、何も見えなくなった。速度を失い、十方を見回したが、行く手を阻む者の姿は何も見えなかった。
5.56.35	そこで私は考えた。『飛行を妨げるこの障害は何なのか。姿が見えぬ所にこのような障害が生じたとは。』
5.56.36	嘆きつつ下方に目を落とすと、水中に横たわる恐ろしき羅刹の女を見た。
5.56.37	あの恐ろしい女は笑いながら大声で、動じず立ち止まった私にこう醜い言葉を告げた。
5.56.38	『巨大な体の者よ、どこへ行くのか。飢えた私の獲物よ。我が体を満たせ、長く食を断っていたのだから。』
5.56.39	『承知した』と私はその言葉を受け入れ、彼女の口の大きさ以上に自らの体を膨らませた。
5.56.40	私を呑み込もうとして彼女の口も大きくなったが、彼女は私の変化に気づかなかった。
5.56.41	そこで一瞬のうちに巨大な体を縮め、彼女の心臓を抉り取り、空に飛び上がった。
5.56.42	腕を投げ出した恐ろしいその女は、山のごとき巨体のまま、心臓を抉られて塩の海に倒れた。
5.56.43	空を行く仙人たちやチャーラナたちから、こう聞こえた。『恐ろしきシンヒカーは、ハヌマーンによって速やかに倒された。』
5.56.44	彼女を倒した後、急務を思い出し、長い道のりを飛んで、樹木に飾られた大海の南岸を見た。そこにランカーの都があった。
5.56.45	日が沈んだ後、羅刹たちの住む都に、恐ろしき武勇の羅刹たちに気づかれずに入った。
5.56.46	そこで一晩中、ジャナカの娘を探し求め、ラーヴァナの後宮にまで行ったが、美しい腰の彼女を見つけられなかった。
5.56.47	ラーヴァナの宮殿でシーターを見出せず、悲嘆の海に沈み、彼方の岸が見えなかった。
5.56.48	嘆きながら私が目にしたのは、広大な黄金の壁に囲まれた、宮殿に附属する見事な庭園であった。
5.56.49	その壁を跳び越えると、多くの樹木のある園を見た。
5.56.50	アショーカ園の中に大きなシンシャパーの樹があった。それに登ると、黄金のバナナ園が見えた。
5.56.51	シンシャパーの樹からほど近い所に、森に住む姿の女を見た。色黒で蓮の花びらのような目をし、断食でやつれた顔をしていた。
5.56.52	醜い姿で残忍な肉と血を食らう羅刹の女たちに囲まれていた。鹿が虎の群れに囲まれるように。
5.56.53	ラーマの妻たる非の打ちどころなきその女を、そのような姿で見て、私はそのシンシャパーの樹にとどまり観察していた。
5.56.54	するとラーヴァナの宮殿から、腕輪と足環の交じった甚だ深い喧噪が聞こえてきた。
5.56.55	私は大いに動揺し、身を縮めた。茂みに隠れる鳥のように、シンシャパーの木の中に潜んでいた。
5.56.56	するとラーヴァナの妃たちと、大力のラーヴァナ自身が、シーターのいるその場所にやって来た。
5.56.57	美しき体つきのシーターは、羅刹の群れの主を見て、身をすくめ、豊かな腿と胸を腕で抱きかかえた。
5.56.58	十頭の魔王は、深い苦悩に沈むシーターに言った。『頭を下げてひれ伏す。我を愛せよ。』
5.56.59	『もし傲慢にも私を受け入れぬなら、高慢な女よ、二ヶ月の後にはお前の血を飲んでやろう。』
5.56.60	邪悪なラーヴァナのその言葉を聞いて、シーターは激怒してこの上なき言葉を述べた。
5.56.61	『羅刹の中の最低の者よ、限りなき威光の持ち主ラーマの妻に、イクシュヴァーク王朝の守護者の妻に、ダシャラタの嫁にこのようなことを言いながら、なぜ汝の舌は落ちないのか。
5.56.62	卑劣者よ、汝の勇猛とは何か。夫の不在の隙に私を奪い去った卑怯者よ。あの偉大なるお方に見られることなく。
5.56.63	汝はラーマの足元にも及ばぬ。その奴隷にさえふさわしくない。ラーガヴァは祭祀に篤く、真実を語り、戦場で名を馳せる方なのだ。』
5.56.64	ジャーナキーにこう厳しい言葉を浴びせられた十頭の魔王は、火葬の薪に置かれた火のごとく、たちまち怒りに燃え上がった。
5.56.65	残忍な両目を見開き、右の拳を振り上げ、マイティリーを殺さんとしたその時、女たちの間から悲鳴が上がった。
5.56.66	女たちの中から飛び出したのは、あの邪悪な者の妻の中でも最上なるマンドーダリーという名の女で、彼女が彼を制止した。
5.56.67	愛欲に苦しむ彼に甘い言葉で語りかけた。『インドラに等しき武勇の持ち主よ、シーターに何の用がありましょう。今日は私と楽しみましょう。ジャーナキーは私に及びません。』
5.56.68	『主よ、天女、ガンダルヴァの娘、ヤクシャの娘たちとともにお楽しみください。シーターに何の用がありましょう。』
5.56.69	そして女たちに囲まれ、大力の夜叉は急いで立ち上がらされ、自分の宮殿へ連れて行かれた。
5.56.70	十頭の魔王が去ると、歪んだ顔の羅刹の女たちが、残酷で恐ろしい言葉でシーターを脅しつけた。
5.56.71	ジャーナキーは彼女たちの言葉を草ほどにも思わなかった。シーターに向けられた脅しは、すべて無駄であった。
5.56.72	空しく吠え、成果なく、肉食の羅刹の女たちはシーターの固い決意をラーヴァナに報告した。
5.56.73	そして望み絶え、努力も尽きた彼女たちは、シーターを取り囲んだまま、眠りに落ちた。
5.56.74	彼女たちが眠りについた後、夫の利を想うシーターは、哀れに嘆き、深い悲しみに沈んだ。
5.56.75	私はそのようなシーターの悲惨な姿を見て、休息しながら思案したが、心は安らがなかった。
5.56.76	ジャーナキーに話しかける方法を考え、イクシュヴァーク王家の系譜をまず語ることにした。
5.56.77	王家の聖仙たちに讃えられるその言葉を聞いて、涙に目を覆われた女神シーターが私に答えた。
5.56.78	『汝は何者か。いかにしてここに来たのか、猿の雄よ。ラーマとの縁は何か。それを語ってほしい。』
5.56.79	その言葉を聞いて、私もまた答えた。『女神よ、あなたの夫ラーマの盟友にして、恐ろしき武勇を持つスグリーヴァという名の猿の王がおります。
5.56.80	その家臣がこの私ハヌマーンです。夫ラーマ自らの命でここに参りました。
5.56.81	あの虎のごとき人、栄えあるダシャラタの子自らが、これを証として栄えある方にお渡しくださいました。』　そう言って指輪を差し出した。
5.56.82	『女神よ、ご命令をいただきたい。何をいたしましょうか。ラーマとラクシュマナの許へお連れいたしましょうか。』
5.56.83	これを聞き、理解して、ジャナカの娘なるシーターは言った。『ラーヴァナを討ち滅ぼして、ラーガヴァが私を連れ帰るべきだ。』
5.56.84	私は頭を下げて女神に敬礼し、証の品を請うた。
5.56.85	するとあの高貴なる女は、大いに心を動かされながら、最上の宝石マニプラヴァラを手渡し、言葉で私に伝言を託した。
5.56.86	そして精神を集中して王女に敬礼し、右繞を行い、出発への意欲を高めた。
5.56.87	さらにシーターは心に決意を固め、言った。『ハヌマーンよ、私の消息をラーガヴァに伝えてほしい。
5.56.88	それを聞いてすぐに、あの二人ラーマとラクシュマナが、スグリーヴァとともに勇者として来てくれるよう、取り計らってくれ。
5.56.89	もしそれが叶わなければ、二ヶ月が私の命の限り。カークツタに会えぬまま、私は頼る者もなく死ぬことになる。』
5.56.90	その哀切な言葉を聞いて怒りが込み上げ、次にすべき残りの仕事が見えた。
5.56.91	私の体は山のように膨れ上がり、戦いを望んで、あの園林を破壊し始めた。
5.56.92	砕かれたその森を見て、獣や鳥が驚き怯え、歪んだ顔の羅刹の女たちが目を覚まして見つめた。
5.56.93	その森で私を見つけた彼女たちは、あちこちから集まり、すぐさまラーヴァナに報告した。
5.56.94	『王よ、この堅固な園林が、汝の武勇を知らぬ邪悪な猿によって破壊されました。
5.56.95	王よ、汝に害をなすあの愚か者の処刑を速やかにご命じください。』
5.56.96	それを聞いた羅刹の王は、極めて倒しがたいキンカラという名のラーヴァナの意に従う羅刹たちを放った。
5.56.97	槍と棍棒を持つ八万のその兵を、私はあの園林で鉄の棍棒により殲滅した。
5.56.98	残った者たちは素早く逃げ去り、倒された軍のことをラーヴァナに報告した。
5.56.99	そこで私は祠堂に向かった。
5.56.100	そこにいた百人の羅刹を柱で打ち倒した。ランカーの象徴とも言うべきその祠堂は、怒りにまかせて私が破壊した。
5.56.101	するとラーヴァナはプラハスタの息子ジャンブマーリンを差し向けた。
5.56.102	力に満ちた戦に長けたその羅刹を、私は恐ろしき鉄の棍棒で、従者もろとも打ち倒した。
5.56.103	それを聞いてラーヴァナは、大力の大臣の息子たちを歩兵の軍とともに送り出した。私は鉄の棍棒でその全員を閻魔の許へ送った。
5.56.104	素早き身のこなしの大臣の息子たちが戦場で倒されたと聞き、ラーヴァナは五人の軍の先陣を切る勇者を遣わした。私は軍勢もろとも全員を討ち果たした。
5.56.105	すると十頭の魔王は、大力の息子アクシャを多くの羅刹とともに戦場に送り出した。
5.56.106	マンドーダリーの息子たるその王子、戦に長けた若武者が素早く空に跳び上がるのを、私は両足で掴み、剣と盾を持つ百倍の力の者を振り回して叩きつけた。
5.56.107	アクシャが倒されたと知った十頭の魔王は、激怒して、強力で戦いに容赦なき二番目の息子インドラジットを差し向けた。
5.56.108	その軍勢をことごとく打ち破り、あの羅刹の雄をも戦場で無力にして、私は大いなる喜びに達した。
5.56.109	偉大なる腕と大力を持つ彼は、大いなる信頼を寄せられ、ラーヴァナによって狂暴な勇士たちとともに送り出されていたのだ。
5.56.110	しかしブラフマーの武器で彼は極めて素早く私を縛り、さらに羅刹たちが縄で私を縛った。
5.56.111	そしてラーヴァナの前に私を引き立てた。邪悪なラーヴァナは私を見て問いかけた。
5.56.112	ランカーへの来訪と羅刹たちの殺害について問われ、私はすべてをシーターのためだと答えた。
5.56.113	『彼女にお目にかかりたくて汝の宮殿に参った。風神の嫡子にして猿のハヌマーンと申す。
5.56.114	ラーマの使者であり、スグリーヴァの臣下たる猿と知れ。ラーマの使いとして汝の許に参ったのだ。
5.56.115	私が語る命令を聞くがよい。羅刹の王よ、猿の王スグリーヴァが、心を込めて汝にこう告げる。法・利・愛にかない、良薬のごとき有益な言葉を。
5.56.116	樹木の茂るリシュヤムーカ山に住んでいた私の許に、戦に勇猛なるラーガヴァが友として訪れた。
5.56.117	王よ、彼は語った。「我が妻が羅刹に奪われた。助力のために契りを結んでほしい」と。
5.56.118	そしてラクシュマナとともにラーガヴァは、王位を奪われたスグリーヴァと火を証人として友誼を結んだ。
5.56.119	ラーマは一本の矢でヴァーリンを戦場で倒し、猿の大王、跳躍する者たちの主を擁立した。
5.56.120	我らは全力を挙げてラーマに助力せねばならぬ。法に従い、ラーマによって汝の許へ遣わされたのだ。
5.56.121	速やかにシーターを連れ戻し、ラーガヴァに返すべきだ。猿の勇者たちが汝の軍を壊滅させる前に。
5.56.122	猿たちの力は、かつて誰にも知られていなかった。招かれて神々の許にも赴く者たちである。』
5.56.123	このように猿の王が汝に告げよと、私は伝えた。すると彼は怒りの目で私を焼き尽くさんばかりに睨みつけた。
5.56.124	残忍な行いの羅刹は、私の処刑を命じた。
5.56.125	するとヴィビーシャナというその弟、大いなる知恵の持ち主が、私のために羅刹の王に嘆願した。
5.56.126	『羅刹よ、王の法典において使者の処刑は前例がない。使者は真実を告げ、有益な言葉を伝えるべきものである。
5.56.127	いかに大きな罪があろうとも、比類なき勇者よ、使者への刑罰は容姿の損壊であって、殺害は法にない。』
5.56.128	ヴィビーシャナにこう言われたラーヴァナは羅刹たちに命じた。『ならばこの者の尾を焼け。』
5.56.129	その言葉を聞いて、私の尾をあまねく麻の皮や木綿の布で巻いた。
5.56.130	武装した凄まじき勇猛の羅刹たちは、私の尾に火をつけ、棒と拳で打った。
5.56.131	多くの縄で縛られ、羅刹たちに拘束されてはいたが、私は少しも苦痛を感じなかった。昼のうちにこの都を見ておきたかったのだ。
5.56.132	そして勇猛なる羅刹たちは、縛られ火に包まれた私を、王の大路を通って城門まで引き回した。
5.56.133	それから私は極めて大きかった体を縮め、束縛を解いて、本来の姿で立った。
5.56.134	鉄の棍棒を掴んで番兵たちを打ち倒し、勢いよく城門を跳び越えた。
5.56.135	そして燃える尾で、楼閣と城門もろともあの都を焼いた。劫末の火が生き物たちを焼くように、私は動じることなく焼き尽くした。
5.56.136	ランカーを焼いた後、再び疑念が私に襲いかかった。ランカーを焼く私によって、シーターも焼かれたのではないかと。
5.56.137	するとチャーラナたちの吉祥なる声を耳にした。『ジャーナキーは焼かれなかった』と驚嘆の声で語る彼らの言葉を。
5.56.138	あの驚くべき言葉を聞いて確信が生まれ、再びヴァイデーヒーに会い、彼女に見送られた。
5.56.139	ラーガヴァの威力と、汝らの威光と、スグリーヴァの大義のために、私はすべてを成し遂げた。
5.56.140	すべてをそこで正しく成し遂げた。まだなされていない残りの仕事、それをすべて遂行すべきである。」
5.57.1	この全てを語り終えた風神の子ハヌマーンは、さらに次の言葉を述べた。
5.57.2	「ラーガヴァの努力は実を結び、スグリーヴァの奔走にも意味があった。シーターの徳を知り、我が跳躍もまた大いなるものであった。
5.57.3	猿の勇者たちよ、尊きシーターの徳はまことにふさわしいものであった。その苦行は世界を支えることもでき、怒れば世界を焼き尽くすこともできよう。
5.57.4	羅刹の主ラーヴァナはあらゆる面で増長の極みにある。彼女の体に触れながら、その苦行の力で滅ぼされないとは。
5.57.5	火が手で触れられても成し得ないことを、ジャナカの娘は激しい怒りに駆られればなし得るであろう。
5.57.6	邪悪なるラーヴァナのアショーカ園の中、シンシャパーの樹の下に、貞節なる女は哀れに座していた。
5.57.7	羅刹の女たちに囲まれ、悲嘆と苦悩にやつれ、雲に覆われた三日月のように光を失っていた。
5.57.8	力におごるラーヴァナを意に介さず、ヴァイデーヒーは貞節を守り、美しき腰のジャーナキーは毅然としていた。
5.57.9	ラーマに一途な心を持つ美しきヴァイデーヒーは、プラムローチャーがインドラに対するように、ラーマに心を捧げていた。
5.57.10	一枚の衣にくるまれ、塵に汚れ、悲嘆と苦悩にやつれた肢体で、シーターは夫の利を想っていた。
5.57.11	醜い姿の羅刹の女たちの中で、しきりに脅されながらも、私はあの美しい女を園林の中で見た。
5.57.12	一本の編み髪を垂らし、哀れな姿で、夫を想うことに没頭し、地に伏して眠り、色を失った肢体は、冬の蓮のようであった。
5.57.13	ラーヴァナへの拒絶を貫き、死の覚悟を固めていた鹿のような目の彼女を、私はどうにか信頼を得ることができた。
5.57.14	そして語り合い、すべての事情を示し、ラーマとスグリーヴァの同盟を聞いて、彼女は喜びを得た。
5.57.15	律儀で夫への忠誠は至高であった。
5.57.16	十頭の魔王を滅ぼさぬのは彼女自身の偉大さゆえ。ラーマはその討伐の道具に過ぎぬのだ。
5.57.17	このように偉大なる運命のシーターは、悲嘆に沈みながら過ごしている。ここで為すべき対策のすべてを整えるべきである。」
5.58.1	その言葉を聞き、ヴァーリンの息子アンガダは、ジャーンバヴァーンをはじめとするすべての大猿たちの許しを得て語った。
5.58.2	「事がこのように進み、汝らにも報告された以上、ヴァイデーヒーとともにあの二人の王子に会いに行くのが道理である。
5.58.3	私一人でも、羅刹の全軍もろともあのランカーの都を、そして大力のラーヴァナをも、勢いのままに打ち滅ぼすに十分である。
5.58.4	まして勇猛にして力あり、修養を積み、武術に長け、跳躍に優れ、勝利を望む汝らのような勇者たちと力を合わせれば、なおさらのことだ。
5.58.5	私は戦いにおいて、ラーヴァナを軍もろとも、先鋒もろとも、息子もろとも、兄弟もろとも打ち破ろう。
5.58.6	ブラフマーの武器も、インドラの武器も、ルドラの武器も、風神の武器も、ヴァルナの武器も、インドラジットの戦場で見がたき兵器も、私が打ち砕き、羅刹たちを殺そう。
5.58.7	汝らの許しさえあれば、我が武勇はあの者を圧倒する。
5.58.8	私が放つ比類なき岩石の雨は絶え間なく、戦場では神々すら倒せよう。まして夜叉族など。
5.58.9	たとえ大海が岸を越え、マンダラ山が揺らぐとも、ジャーンバヴァーンを戦場で動揺させる敵軍はない。
5.58.10	全羅刹の群れ、古の羅刹たちまでも、勇者にして風神の子たる猿一人で滅ぼすに十分である。
5.58.11	パナサの腿の勢いとニーラの偉大なる力があれば、マンダラ山さえ砕け散ろう。まして戦場の羅刹などなおさらだ。
5.58.12	神、阿修羅、ガンダルヴァ、龍蛇、鳥族との戦いにおいても、マインダとドヴィヴィダに敵する者を挙げてみよ。
5.58.13	この二人のアシュヴィン双神の息子は、大いなる速さを持つ猿の王者であり、祖父ブラフマーの恩恵への誇りから最高の矜持を抱いている。
5.58.14	アシュヴィン双神への敬意から、全世界の祖父ブラフマーは、かつてこの二人に比類なき不死の恩恵を与えた。
5.58.15	その恩恵の誇りに酔い、大軍を打ち破り、この二人の猿の勇者は神々の甘露をも飲んだ。
5.58.16	この二人だけでも、怒りに燃えれば、馬・戦車・象もろともランカーを滅ぼすことができる。他のすべての猿は控えていてもよい。
5.58.17	しかし猿の勇者たちよ、女神シーターを見つけながら連れ帰らずに、偉大なるラーガヴァの許へ行くのは道理に合わぬ。
5.58.18	『女神は見つかったが連れ帰らなかった』という報告は、名高き武勇の汝らにはふさわしくないと私は思う。
5.58.19	猿の王者たちよ、飛ぶ力においても武勇においても、神も阿修羅も含めたすべての世界で、汝らに並ぶ者はいないのだ。
5.58.20	ハヌマーンがあれほど多くの勇士を倒した以上、あの羅刹たちに対して他に何をすべきか。ジャーナキーを連れて帰ろうではないか。」
5.58.21	このように決意を固めたアンガダに、猿の最上の者ジャーンバヴァーンが大いに喜びつつ、道理にかなった言葉を述べた。
5.58.22	「王子よ、この考えが我らに不相応なわけではない。しかし汝の見るところだけでなく、ラーマの意志がいかに定まっているかを見て、務めの成就を図るべきである。」
